page_id,target_id,block_id,block_row,anywhere
0,2,11,1,0
1,2,11,1,0
1,3,24,1,0
1,4,21,3,0
1,4,25,4,0
1,4,27,1,0
1,4,30,2,0
1,6,4,7,0
1,6,18,6,0
1,6,20,10,0
1,6,29,3,0
1,6,41,11,1
1,6,42,8,0
1,6,43,4,0
1,6,44,5,0
1,6,45,12,1
1,6,48,2,0
1,6,51,9,0
1,6,52,1,0
1,9,7,1,1
2,2,11,1,0
2,3,16,1,0
2,4,21,3,0
2,4,23,4,0
2,4,27,1,0
2,4,30,2,0
3,2,11,1,0
3,3,16,1,0
3,4,21,3,0
3,4,23,4,0
3,4,25,5,0
3,4,27,1,0
3,4,30,2,0
4,2,11,1,0
4,3,16,1,0
4,4,21,3,0
4,4,23,4,0
4,4,25,5,0
4,4,27,1,0
4,4,30,2,0
5,2,11,1,0
5,3,16,1,0
5,4,21,3,0
5,4,23,4,0
5,4,25,5,0
5,4,27,1,0
5,4,30,2,0
6,2,11,1,0
6,3,16,1,0
6,4,21,3,0
6,4,23,4,0
6,4,25,5,0
6,4,27,1,0
6,4,30,2,0
7,2,11,1,0
7,3,16,1,0
7,4,21,3,0
7,4,23,4,0
7,4,25,5,0
7,4,27,1,0
7,4,30,2,0
8,2,11,1,0
8,3,16,1,0
8,4,21,3,0
8,4,23,4,0
8,4,25,5,0
8,4,27,1,0
8,4,30,2,0
9,2,11,1,0
9,3,16,1,0
9,4,21,3,0
9,4,23,4,0
9,4,25,5,0
9,4,27,1,0
9,4,30,2,0
10,2,11,1,0
10,3,16,1,0
10,4,21,3,0
10,4,23,4,0
10,4,25,5,0
10,4,27,1,0
10,4,30,2,0
11,2,11,1,0
11,3,16,1,0
11,4,21,3,0
11,4,23,4,0
11,4,25,5,0
11,4,27,1,0
11,4,30,2,0
12,2,11,1,0
12,3,16,1,0
12,4,21,3,0
12,4,23,4,0
12,4,25,5,0
12,4,27,1,0
12,4,30,2,0
13,2,11,1,0
13,3,16,1,0
13,4,21,3,0
13,4,23,4,0
13,4,25,5,0
13,4,27,1,0
13,4,30,2,0
14,2,11,1,0
14,3,16,1,0
14,4,21,3,0
14,4,23,4,0
14,4,25,5,0
14,4,27,1,0
14,4,30,2,0
15,2,11,1,0
15,3,16,1,0
15,4,21,3,0
15,4,23,4,0
15,4,25,5,0
15,4,27,1,0
15,4,30,2,0
16,2,11,1,0
16,3,16,1,0
16,4,21,3,0
16,4,23,4,0
16,4,25,5,0
16,4,27,1,0
16,4,30,2,0
17,2,11,1,0
17,3,16,1,0
17,4,21,3,0
17,4,23,4,0
17,4,25,5,0
17,4,27,1,0
17,4,30,2,0
18,2,11,1,0
18,3,16,1,0
18,4,21,3,0
18,4,23,4,0
18,4,25,5,0
18,4,27,1,0
18,4,30,2,0
19,2,11,1,0
19,3,16,1,0
19,4,21,3,0
19,4,23,4,0
19,4,25,5,0
19,4,27,1,0
19,4,30,2,0
20,2,11,1,0
20,3,16,1,0
20,4,21,3,0
20,4,23,4,0
20,4,25,5,0
20,4,27,1,0
20,4,30,2,0
21,2,11,1,0
21,3,16,1,0
21,4,21,3,0
21,4,23,4,0
21,4,25,5,0
21,4,27,1,0
21,4,30,2,0
22,2,11,1,0
22,3,16,1,0
22,4,21,3,0
22,4,23,4,0
22,4,25,5,0
22,4,27,1,0
22,4,30,2,0
23,2,11,1,0
23,3,16,1,0
23,4,21,3,0
23,4,23,4,0
23,4,25,5,0
23,4,27,1,0
23,4,30,2,0
24,2,11,1,0
24,3,16,1,0
24,4,21,3,0
24,4,23,4,0
24,4,25,5,0
24,4,27,1,0
24,4,30,2,0
25,2,11,1,0
25,3,16,1,0
25,4,21,3,0
25,4,23,4,0
25,4,25,5,0
25,4,27,1,0
25,4,30,2,0
28,2,11,1,0
28,3,16,1,0
28,4,21,3,0
28,4,23,4,0
28,4,25,5,0
28,4,27,1,0
28,4,30,2,0
29,2,11,1,0
29,3,16,1,0
29,4,21,3,0
29,4,23,4,0
29,4,25,5,0
29,4,27,1,0
29,4,30,2,0
30,2,11,1,0
30,3,16,1,0
30,4,21,3,0
30,4,23,4,0
30,4,25,5,0
30,4,27,1,0
30,4,30,2,0
31,2,11,1,0
31,3,16,1,0
31,4,21,3,0
31,4,23,4,0
31,4,25,5,0
31,4,27,1,0
31,4,30,2,0
32,2,11,1,0
32,3,16,1,0
32,4,21,3,0
32,4,23,4,0
32,4,25,5,0
32,4,27,1,0
32,4,30,2,0
33,2,11,1,0
33,3,16,1,0
33,4,21,3,0
33,4,23,4,0
33,4,25,5,0
33,4,27,1,0
33,4,30,2,0
34,2,11,1,0
34,3,16,1,0
34,4,21,3,0
34,4,23,4,0
34,4,25,5,0
34,4,27,1,0
34,4,30,2,0
35,2,11,1,0
35,3,16,1,0
35,4,21,3,0
35,4,23,4,0
35,4,25,5,0
35,4,27,1,0
35,4,30,2,0
36,2,11,1,0
36,3,16,1,0
36,4,21,3,0
36,4,23,4,0
36,4,25,5,0
36,4,27,1,0
36,4,30,2,0
37,2,11,1,0
37,3,16,1,0
37,4,21,3,0
37,4,23,4,0
37,4,25,5,0
37,4,27,1,0
37,4,30,2,0
38,2,11,1,0
38,3,16,1,0
38,4,21,3,0
38,4,23,4,0
38,4,25,5,0
38,4,27,1,0
38,4,30,2,0
39,2,11,1,0
39,3,16,1,0
39,4,21,3,0
39,4,23,4,0
39,4,25,5,0
39,4,27,1,0
39,4,30,2,0
40,2,11,1,0
40,3,16,1,0
40,4,21,3,0
40,4,23,4,0
40,4,25,5,0
40,4,27,1,0
40,4,30,2,0
41,2,11,1,0
41,3,16,1,0
41,4,21,3,0
41,4,23,4,0
41,4,25,5,0
41,4,27,1,0
41,4,30,2,0
42,2,11,1,0
42,3,16,1,0
42,4,21,3,0
42,4,23,4,0
42,4,25,5,0
42,4,27,1,0
42,4,30,2,0
43,2,11,1,0
43,3,16,1,0
43,4,21,3,0
43,4,23,4,0
43,4,25,5,0
43,4,27,1,0
43,4,30,2,0
44,2,11,1,0
44,3,16,1,0
44,4,21,3,0
44,4,23,4,0
44,4,25,5,0
44,4,27,1,0
44,4,30,2,0
45,2,11,1,0
45,3,16,1,0
45,4,21,3,0
45,4,23,4,0
45,4,25,5,0
45,4,27,1,0
45,4,30,2,0
45,6,33,1,0
46,2,11,1,0
46,3,16,1,0
46,4,21,3,0
46,4,23,4,0
46,4,25,5,0
46,4,27,1,0
46,4,30,2,0
47,2,11,1,0
47,3,16,1,0
47,4,21,3,0
47,4,23,4,0
47,4,25,5,0
47,4,27,1,0
47,4,30,2,0
48,2,11,1,0
48,3,16,1,0
48,4,21,3,0
48,4,23,4,0
48,4,25,5,0
48,4,27,1,0
48,4,30,2,0
48,6,17,2,0
48,6,36,1,0
49,2,11,1,0
49,3,16,1,0
49,4,21,3,0
49,4,23,4,0
49,4,25,5,0
49,4,27,1,0
49,4,30,2,0
50,2,11,1,0
50,3,16,1,0
50,4,21,3,0
50,4,23,4,0
50,4,25,5,0
50,4,27,1,0
50,4,30,2,0
51,2,11,1,0
51,3,16,1,0
51,4,21,3,0
51,4,23,4,0
51,4,25,5,0
51,4,27,1,0
51,4,30,2,0
52,2,31,1,0
52,3,38,1,0
52,4,21,3,0
52,4,23,4,0
52,4,25,5,0
52,4,27,1,0
52,4,30,2,0
53,2,11,1,0
53,3,46,1,0
54,2,11,1,0
54,3,16,1,0
54,4,21,3,0
54,4,23,4,0
54,4,25,5,0
54,4,27,1,0
54,4,30,2,0
55,2,11,1,0
55,3,16,1,0
55,4,21,3,0
55,4,23,4,0
55,4,25,5,0
55,4,27,1,0
55,4,30,2,0
56,2,11,1,0
56,3,16,1,0
56,4,21,4,0
56,4,23,3,0
56,4,25,5,0
56,4,27,1,0
56,4,30,2,0
57,2,11,1,0
57,3,16,1,0
57,4,21,3,0
57,4,23,4,0
57,4,25,5,0
57,4,27,1,0
57,4,30,2,0
58,2,11,1,0
58,3,16,1,0
58,4,21,3,0
58,4,23,4,0
58,4,25,5,0
58,4,27,1,0
58,4,30,2,0
59,2,11,1,0
59,3,16,1,0
59,4,21,3,0
59,4,23,4,0
59,4,25,5,0
59,4,27,1,0
59,4,30,2,0
60,2,11,1,0
60,3,16,1,0
60,4,21,3,0
60,4,23,4,0
60,4,25,5,0
60,4,27,1,0
60,4,30,2,0
61,2,11,1,0
61,3,16,1,0
61,4,21,3,0
61,4,23,4,0
61,4,25,5,0
61,4,27,1,0
61,4,30,2,0
62,2,11,1,0
62,3,16,1,0
62,4,21,3,0
62,4,23,4,0
62,4,25,5,0
62,4,27,1,0
62,4,30,2,0
63,2,11,1,0
63,3,16,1,0
63,4,21,3,0
63,4,23,4,0
63,4,25,5,0
63,4,27,1,0
63,4,30,2,0
64,2,11,1,0
64,3,16,1,0
64,4,21,3,0
64,4,23,4,0
64,4,25,5,0
64,4,27,1,0
64,4,30,2,0
65,2,11,1,0
65,3,16,1,0
65,4,21,3,0
65,4,23,4,0
65,4,25,5,0
65,4,27,1,0
65,4,30,2,0
65,6,17,2,0
65,6,36,1,0
66,2,11,1,0
66,3,16,1,0
66,4,21,3,0
66,4,23,4,0
66,4,25,5,0
66,4,27,1,0
66,4,30,2,0
66,6,17,2,0
66,6,36,1,0
66,8,47,1,0
67,2,11,1,0
67,3,16,1,0
67,4,21,3,0
67,4,23,4,0
67,4,25,5,0
67,4,27,1,0
67,4,30,2,0
67,6,17,2,0
67,6,36,1,0
68,2,11,1,0
68,3,16,1,0
68,4,21,3,0
68,4,23,4,0
68,4,25,5,0
68,4,27,1,0
68,4,30,2,0
68,6,17,2,0
68,6,36,1,0
69,2,11,1,0
69,3,16,1,0
69,4,21,3,0
69,4,23,4,0
69,4,25,5,0
69,4,27,1,0
69,4,30,2,0
69,6,17,2,0
69,6,36,1,0
70,2,11,1,0
70,3,16,1,0
70,4,21,3,0
70,4,23,4,0
70,4,25,5,0
70,4,27,1,0
70,4,30,2,0
70,6,17,2,0
70,6,36,1,0
71,2,11,1,0
71,3,16,1,0
71,4,21,3,0
71,4,23,4,0
71,4,25,5,0
71,4,27,1,0
71,4,30,2,0
71,6,17,1,0
72,2,11,1,0
72,3,16,1,0
72,4,21,3,0
72,4,23,4,0
72,4,25,5,0
72,4,27,1,0
72,4,30,2,0
72,6,17,1,0
73,2,11,1,0
73,3,16,1,0
73,4,21,3,0
73,4,23,4,0
73,4,25,5,0
73,4,27,1,0
73,4,30,2,0
73,6,17,1,0
74,2,11,1,0
74,3,16,1,0
74,4,21,3,0
74,4,23,4,0
74,4,25,5,0
74,4,27,1,0
74,4,30,2,0
74,6,17,1,0
75,2,11,1,0
75,3,16,1,0
75,4,21,3,0
75,4,23,4,0
75,4,25,5,0
75,4,27,1,0
75,4,30,2,0
75,6,17,1,0
78,2,31,1,0
78,3,16,1,0
78,4,21,3,0
78,4,23,4,0
78,4,25,5,0
78,4,27,1,0
78,4,30,2,0
79,2,11,1,0
79,3,16,1,0
79,4,21,3,0
79,4,23,4,0
79,4,25,5,0
79,4,27,1,0
79,4,30,2,0
80,2,31,1,0
80,3,46,1,0
80,4,21,3,0
80,4,23,4,0
80,4,25,5,0
80,4,27,1,0
80,4,30,2,0
81,2,31,1,0
81,3,46,1,0
81,4,21,3,0
81,4,23,4,0
81,4,25,5,0
81,4,27,1,0
81,4,30,2,0
82,2,31,1,0
82,3,46,1,0
82,4,21,3,0
82,4,23,4,0
82,4,25,5,0
82,4,27,1,0
82,4,30,2,0
83,2,31,1,0
83,3,46,1,0
83,4,21,3,0
83,4,23,4,0
83,4,25,5,0
83,4,27,1,0
83,4,30,2,0
84,2,31,1,0
84,3,16,1,0
84,4,21,3,0
84,4,23,4,0
84,4,25,5,0
84,4,27,1,0
84,4,30,2,0
85,2,31,1,0
85,3,46,1,0
85,4,21,3,0
85,4,23,4,0
85,4,25,5,0
85,4,27,1,0
85,4,30,2,0
86,2,31,1,0
86,3,46,1,0
86,4,21,3,0
86,4,23,4,0
86,4,25,5,0
86,4,27,1,0
86,4,30,2,0
87,2,31,1,0
87,3,46,1,0
87,4,21,3,0
87,4,23,4,0
87,4,25,5,0
87,4,27,1,0
87,4,30,2,0
88,2,31,1,0
88,3,46,1,0
88,4,21,3,0
88,4,23,4,0
88,4,25,5,0
88,4,27,1,0
88,4,30,2,0
89,2,11,1,0
89,3,16,1,0
89,4,21,3,0
89,4,23,4,0
89,4,25,5,0
89,4,27,1,0
89,4,30,2,0
90,2,11,1,0
90,4,21,3,0
90,4,23,4,0
90,4,25,5,0
90,4,27,1,0
90,4,30,2,0
91,2,53,1,0
91,4,21,3,0
91,4,23,4,0
91,4,25,5,0
91,4,27,1,0
91,4,30,2,0
92,2,11,1,0
92,3,46,1,0
92,4,21,3,0
92,4,23,4,0
92,4,25,5,0
92,4,27,1,0
92,4,30,2,0
93,2,32,1,0
93,3,46,1,0
93,4,21,3,0
93,4,23,4,0
93,4,25,5,0
93,4,27,1,0
93,4,30,2,0
94,2,32,1,0
94,3,46,1,0
94,4,21,3,0
94,4,23,4,0
94,4,25,5,0
94,4,27,1,0
94,4,30,2,0
95,2,32,1,0
95,3,46,1,0
95,4,21,3,0
95,4,23,4,0
95,4,25,5,0
95,4,27,1,0
95,4,30,2,0
96,2,32,1,0
96,3,46,1,0
96,4,21,3,0
96,4,23,4,0
96,4,25,5,0
96,4,27,1,0
96,4,30,2,0
97,2,11,1,0
97,3,46,1,0
97,4,21,3,0
97,4,23,4,0
97,4,25,5,0
97,4,27,1,0
97,4,30,2,0
98,2,32,1,0
98,4,21,3,0
98,4,23,4,0
98,4,25,5,0
98,4,27,1,0
98,4,30,2,0
99,2,11,1,0
99,3,46,1,0
99,4,21,3,0
99,4,23,4,0
99,4,25,5,0
99,4,27,1,0
99,4,30,2,0
100,2,34,1,0
100,3,16,1,0
100,3,37,2,0
100,4,25,2,0
100,4,39,1,0
101,2,34,1,0
101,3,16,1,0
101,4,25,1,0
102,2,34,1,0
102,3,16,1,0
102,4,25,1,0
104,2,34,1,0
104,3,16,1,0
104,4,25,1,0
105,2,34,1,0
105,3,16,1,0
105,4,25,1,0
106,2,34,1,0
106,3,16,1,0
106,4,25,1,0
107,2,34,1,0
107,3,16,1,0
107,4,25,1,0
108,2,34,1,0
108,3,16,1,0
108,4,25,1,0
109,2,34,1,0
109,3,16,1,0
109,4,25,1,0
110,2,34,1,0
110,3,16,1,0
110,4,25,1,0
111,2,34,1,0
111,3,16,1,0
111,4,25,1,0
112,2,34,1,0
112,3,16,1,0
112,4,25,1,0
113,2,35,1,0
113,3,16,1,0
113,3,37,2,0
113,4,25,2,0
113,4,39,1,0
114,2,35,1,0
114,3,16,1,0
114,4,25,1,0
115,2,35,1,0
115,3,16,1,0
115,4,25,1,0
117,2,35,1,0
117,3,16,1,0
117,4,25,1,0
118,2,35,1,0
118,3,16,1,0
118,4,25,1,0
119,2,35,1,0
119,3,16,1,0
119,4,25,1,0
120,2,35,1,0
120,3,16,1,0
120,4,25,1,0
121,2,35,1,0
121,3,16,1,0
121,4,25,1,0
122,2,35,1,0
122,3,16,1,0
122,4,25,1,0
123,2,35,1,0
123,3,16,1,0
123,4,25,1,0
124,2,35,1,0
124,3,16,1,0
124,4,25,1,0
125,2,35,1,0
125,3,16,1,0
125,4,25,1,0
127,2,31,1,0
127,3,16,1,0
127,4,21,3,0
127,4,23,4,0
127,4,25,5,0
127,4,27,1,0
127,4,30,2,0
128,2,31,1,0
128,3,16,1,0
128,4,21,3,0
128,4,23,4,0
128,4,25,5,0
128,4,27,1,0
128,4,30,2,0
129,2,31,1,0
129,3,16,1,0
129,4,21,3,0
129,4,23,4,0
129,4,25,5,0
129,4,27,1,0
129,4,30,2,0
130,2,11,1,0
130,3,16,1,0
130,4,21,3,0
130,4,23,4,0
130,4,25,5,0
130,4,27,1,0
130,4,30,2,0
131,2,11,1,0
131,3,16,1,0
131,4,21,3,0
131,4,23,4,0
131,4,25,5,0
131,4,27,1,0
131,4,30,2,0
131,6,17,2,0
131,6,36,1,0
132,2,11,1,0
132,3,46,1,0
132,4,21,3,0
132,4,23,4,0
132,4,25,5,0
132,4,27,1,0
132,4,30,2,0
133,3,46,1,0
135,2,11,1,0
135,3,16,1,0
135,4,21,3,0
135,4,23,4,0
135,4,25,5,0
135,4,27,1,0
135,4,30,2,0
135,6,33,1,0
136,2,11,1,0
136,3,16,1,0
136,4,21,2,0
136,4,23,3,0
136,4,25,4,0
136,4,27,1,0
138,2,11,1,0
138,3,16,1,0
138,4,21,3,0
138,4,23,4,0
138,4,25,5,0
138,4,27,1,0
138,4,30,2,0
139,2,11,1,0
139,3,16,1,0
139,4,21,2,0
139,4,23,3,0
139,4,25,4,0
139,4,27,1,0
140,2,11,1,0
140,3,46,1,0
140,4,21,3,0
140,4,23,4,0
140,4,25,5,0
140,4,27,1,0
140,4,30,2,0
141,2,11,1,0
141,3,46,1,0
141,4,21,3,0
141,4,25,4,0
141,4,27,1,0
141,4,30,2,0
142,2,11,1,0
142,3,46,1,0
142,4,21,3,0
142,4,25,4,0
142,4,27,1,0
142,4,30,2,0
143,2,11,1,0
144,2,11,1,0
144,3,16,1,0
144,4,21,3,0
144,4,25,4,0
144,4,27,1,0
144,4,30,2,0
145,2,11,1,0
145,4,21,1,0
145,4,25,3,0
145,4,27,2,0
145,6,16,1,0
146,2,54,1,0
146,4,21,1,0
147,2,11,1,0
147,4,21,3,0
147,4,25,4,0
147,4,27,1,0
147,4,30,2,0
148,2,31,1,0
148,3,46,1,0
148,4,21,3,0
148,4,23,4,0
148,4,25,5,0
148,4,27,1,0
148,4,30,2,0
149,2,11,1,0
149,4,21,3,0
149,4,25,4,0
149,4,27,1,0
149,4,30,2,0
150,2,11,1,0
150,4,21,2,0
150,4,25,1,0
150,6,16,1,0
151,2,11,1,0
151,4,21,2,0
151,4,25,1,0
151,6,16,1,0
153,2,11,1,0
153,3,16,1,0
153,4,21,2,0
153,4,25,3,0
153,4,27,1,0
154,2,11,1,0
154,3,16,1,0
154,4,21,2,0
154,4,25,3,0
154,4,27,1,0
155,2,11,1,0
155,3,16,1,0
155,4,21,3,0
155,4,25,4,0
155,4,27,1,0
155,4,30,2,0
156,2,11,1,0
156,3,16,1,0
156,4,21,2,0
156,4,25,3,0
156,4,27,1,0
158,2,11,1,0
158,4,21,2,0
158,4,25,3,0
158,4,27,1,0
159,2,11,1,0
160,2,11,1,0
160,3,16,1,0
160,4,21,2,0
160,4,25,3,0
160,4,27,1,0
161,2,11,1,0
161,3,16,1,0
161,4,21,2,0
161,4,25,3,0
161,4,27,1,0
162,2,11,1,0
162,3,16,1,0
162,4,21,2,0
162,4,25,3,0
162,4,27,1,0
163,2,11,1,0
163,3,16,1,0
163,4,21,3,0
163,4,27,1,0
163,4,30,2,0
163,6,17,2,0
163,6,36,1,0
164,2,11,1,0
164,3,16,1,0
164,4,21,2,0
164,4,25,3,0
164,4,27,1,0
165,2,11,1,0
165,3,16,1,0
165,4,21,2,0
165,4,25,3,0
165,4,27,1,0
166,2,11,1,0
166,3,16,1,0
166,4,21,2,0
166,4,25,3,0
166,4,27,1,0
168,2,11,1,0
168,3,16,1,0
168,4,21,3,0
168,4,25,2,0
168,4,27,1,0
169,2,11,1,0
169,3,16,1,0
169,4,21,2,0
169,4,25,3,0
169,4,27,1,0
171,2,11,1,0
171,3,57,1,0
171,4,21,3,0
171,4,23,4,0
171,4,25,5,0
171,4,27,1,0
171,4,30,2,0
173,2,11,1,0
173,3,16,1,0
173,4,21,2,0
173,4,25,3,0
173,4,27,1,0
174,2,11,1,0
174,3,16,1,0
174,4,21,2,0
174,4,25,3,0
174,4,27,1,0
175,2,11,1,0
175,3,46,1,0
176,2,11,1,0
176,3,16,1,0
176,4,21,2,0
176,4,25,3,0
176,4,27,1,0
