plg_point_id,plg_point_info_id,plg_point_product_rate_id,plg_dynamic_point,order_id,customer_id,plg_point_type,plg_point_action_name,create_date,update_date
1,1,,0,,2654,1,保有ポイント(手動変更),"2017-06-14 10:40:14","2017-06-14 10:40:14"
2,1,,1000,,2654,1,保有ポイント(手動変更),"2017-06-14 10:40:14","2017-06-14 10:40:14"
3,1,,-1000,157,2654,5,仮利用ポイント,"2017-06-14 10:42:18","2017-06-14 10:42:18"
4,1,,0,170,2655,4,利用ポイント,"2017-06-21 10:35:16","2017-06-21 10:35:16"
5,1,,378,170,2655,3,加算ポイント,"2017-06-21 10:35:16","2017-06-21 10:35:16"
6,1,,0,171,2655,4,利用ポイント,"2017-06-21 11:17:45","2017-06-21 11:17:45"
7,1,,378,171,2655,3,加算ポイント,"2017-06-21 11:17:46","2017-06-21 11:17:46"
8,1,,0,172,2655,4,利用ポイント,"2017-06-21 11:20:24","2017-06-21 11:20:24"
9,1,,378,172,2655,3,加算ポイント,"2017-06-21 11:20:24","2017-06-21 11:20:24"
10,1,,0,212,2655,4,利用ポイント,"2017-06-24 15:38:39","2017-06-24 15:38:39"
11,1,,378,212,2655,3,加算ポイント,"2017-06-24 15:38:39","2017-06-24 15:38:39"
12,1,,0,489,2656,4,利用ポイント,"2017-08-17 10:45:24","2017-08-17 10:45:24"
13,1,,918,489,2656,3,加算ポイント,"2017-08-17 10:45:24","2017-08-17 10:45:24"
14,1,,0,490,2656,4,利用ポイント,"2017-08-17 10:48:33","2017-08-17 10:48:33"
15,1,,918,490,2656,3,加算ポイント,"2017-08-17 10:48:33","2017-08-17 10:48:33"
16,1,,0,491,2656,4,利用ポイント,"2017-08-17 10:51:56","2017-08-17 10:51:56"
17,1,,594,491,2656,3,加算ポイント,"2017-08-17 10:51:56","2017-08-17 10:51:56"
18,1,,0,492,2656,4,利用ポイント,"2017-08-17 10:59:36","2017-08-17 10:59:36"
19,1,,918,492,2656,3,加算ポイント,"2017-08-17 10:59:36","2017-08-17 10:59:36"
20,1,,0,493,2656,4,利用ポイント,"2017-08-17 11:00:50","2017-08-17 11:00:50"
21,1,,432,493,2656,3,加算ポイント,"2017-08-17 11:00:50","2017-08-17 11:00:50"
22,1,,0,494,2656,4,利用ポイント,"2017-08-17 11:03:19","2017-08-17 11:03:19"
23,1,,324,494,2656,3,加算ポイント,"2017-08-17 11:03:19","2017-08-17 11:03:19"
24,1,,0,495,2656,4,利用ポイント,"2017-08-17 11:05:09","2017-08-17 11:05:09"
25,1,,378,495,2656,3,加算ポイント,"2017-08-17 11:05:09","2017-08-17 11:05:09"
26,1,,0,496,2656,4,利用ポイント,"2017-08-17 11:08:36","2017-08-17 11:08:36"
27,1,,378,496,2656,3,加算ポイント,"2017-08-17 11:08:36","2017-08-17 11:08:36"
28,1,,0,497,2656,4,利用ポイント,"2017-08-17 11:20:22","2017-08-17 11:20:22"
29,1,,1080,497,2656,3,加算ポイント,"2017-08-17 11:20:22","2017-08-17 11:20:22"
30,1,,0,501,2656,4,利用ポイント,"2017-08-17 12:06:45","2017-08-17 12:06:45"
31,1,,324,501,2656,3,加算ポイント,"2017-08-17 12:06:45","2017-08-17 12:06:45"
34,1,,0,503,2656,4,利用ポイント,"2017-08-17 12:11:58","2017-08-17 12:11:58"
35,1,,918,503,2656,3,加算ポイント,"2017-08-17 12:11:58","2017-08-17 12:11:58"
36,1,,0,505,2656,4,利用ポイント,"2017-08-17 12:22:07","2017-08-17 12:22:07"
37,1,,1134,505,2656,3,加算ポイント,"2017-08-17 12:22:07","2017-08-17 12:22:07"
38,1,,0,506,2656,4,利用ポイント,"2017-08-17 12:41:34","2017-08-17 12:41:34"
39,1,,918,506,2656,3,加算ポイント,"2017-08-17 12:41:34","2017-08-17 12:41:34"
40,1,,0,507,2656,4,利用ポイント,"2017-08-17 12:42:22","2017-08-17 12:42:22"
41,1,,108,507,2656,3,加算ポイント,"2017-08-17 12:42:22","2017-08-17 12:42:22"
42,1,,0,508,2656,4,利用ポイント,"2017-08-17 14:22:47","2017-08-17 14:22:47"
43,1,,1080,508,2656,3,加算ポイント,"2017-08-17 14:22:47","2017-08-17 14:22:47"
44,1,,0,510,2656,4,利用ポイント,"2017-08-17 15:43:47","2017-08-17 15:43:47"
45,1,,432,510,2656,3,加算ポイント,"2017-08-17 15:43:47","2017-08-17 15:43:47"
46,1,,0,511,2656,4,利用ポイント,"2017-08-17 16:19:43","2017-08-17 16:19:43"
47,1,,378,511,2656,3,加算ポイント,"2017-08-17 16:19:43","2017-08-17 16:19:43"
48,1,,0,512,2656,4,利用ポイント,"2017-08-17 16:29:14","2017-08-17 16:29:14"
49,1,,324,512,2656,3,加算ポイント,"2017-08-17 16:29:14","2017-08-17 16:29:14"
50,1,,0,513,2656,4,利用ポイント,"2017-08-17 16:42:43","2017-08-17 16:42:43"
51,1,,108,513,2656,3,加算ポイント,"2017-08-17 16:42:43","2017-08-17 16:42:43"
52,1,,0,514,2656,4,利用ポイント,"2017-08-17 16:47:18","2017-08-17 16:47:18"
53,1,,216,514,2656,3,加算ポイント,"2017-08-17 16:47:18","2017-08-17 16:47:18"
54,1,,0,515,2656,4,利用ポイント,"2017-08-17 17:06:16","2017-08-17 17:06:16"
55,1,,1080,515,2656,3,加算ポイント,"2017-08-17 17:06:16","2017-08-17 17:06:16"
56,1,,0,516,2656,4,利用ポイント,"2017-08-17 17:12:58","2017-08-17 17:12:58"
57,1,,432,516,2656,3,加算ポイント,"2017-08-17 17:12:58","2017-08-17 17:12:58"
58,1,,0,517,2656,4,利用ポイント,"2017-08-17 17:13:44","2017-08-17 17:13:44"
59,1,,1026,517,2656,3,加算ポイント,"2017-08-17 17:13:44","2017-08-17 17:13:44"
60,1,,0,518,2656,4,利用ポイント,"2017-08-17 17:19:42","2017-08-17 17:19:42"
61,1,,918,518,2656,3,加算ポイント,"2017-08-17 17:19:42","2017-08-17 17:19:42"
62,1,,0,519,2656,4,利用ポイント,"2017-08-17 17:21:05","2017-08-17 17:21:05"
63,1,,1080,519,2656,3,加算ポイント,"2017-08-17 17:21:05","2017-08-17 17:21:05"
64,1,,0,520,2656,4,利用ポイント,"2017-08-17 17:34:41","2017-08-17 17:34:41"
65,1,,216,520,2656,3,加算ポイント,"2017-08-17 17:34:41","2017-08-17 17:34:41"
66,1,,0,521,2656,4,利用ポイント,"2017-08-17 17:37:22","2017-08-17 17:37:22"
67,1,,1080,521,2656,3,加算ポイント,"2017-08-17 17:37:22","2017-08-17 17:37:22"
68,1,,0,522,2656,4,利用ポイント,"2017-08-17 18:40:41","2017-08-17 18:40:41"
69,1,,918,522,2656,3,加算ポイント,"2017-08-17 18:40:41","2017-08-17 18:40:41"
70,1,,0,523,2656,4,利用ポイント,"2017-08-17 18:42:08","2017-08-17 18:42:08"
71,1,,540,523,2656,3,加算ポイント,"2017-08-17 18:42:08","2017-08-17 18:42:08"
72,1,,0,524,2656,4,利用ポイント,"2017-08-17 19:21:43","2017-08-17 19:21:43"
73,1,,108,524,2656,3,加算ポイント,"2017-08-17 19:21:43","2017-08-17 19:21:43"
74,1,,0,526,2656,4,利用ポイント,"2017-08-21 15:17:07","2017-08-21 15:17:07"
75,1,,2538,526,2656,3,加算ポイント,"2017-08-21 15:17:07","2017-08-21 15:17:07"
76,1,,0,527,2656,4,利用ポイント,"2017-08-21 15:31:52","2017-08-21 15:31:52"
77,1,,1685,527,2656,3,加算ポイント,"2017-08-21 15:31:52","2017-08-21 15:31:52"
78,1,,0,528,2656,4,利用ポイント,"2017-08-21 15:44:57","2017-08-21 15:44:57"
79,1,,1048,528,2656,3,加算ポイント,"2017-08-21 15:44:57","2017-08-21 15:44:57"
80,1,,0,529,2656,4,利用ポイント,"2017-08-21 16:00:42","2017-08-21 16:00:42"
81,1,,1264,529,2656,3,加算ポイント,"2017-08-21 16:00:42","2017-08-21 16:00:42"
82,1,,0,530,2656,4,利用ポイント,"2017-08-21 16:06:28","2017-08-21 16:06:28"
83,1,,551,530,2656,3,加算ポイント,"2017-08-21 16:06:28","2017-08-21 16:06:28"
84,1,,0,531,2656,4,利用ポイント,"2017-08-21 16:08:08","2017-08-21 16:08:08"
85,1,,335,531,2656,3,加算ポイント,"2017-08-21 16:08:08","2017-08-21 16:08:08"
86,1,,0,532,2656,4,利用ポイント,"2017-08-21 16:14:38","2017-08-21 16:14:38"
87,1,,443,532,2656,3,加算ポイント,"2017-08-21 16:14:38","2017-08-21 16:14:38"
88,1,,0,534,2656,4,利用ポイント,"2017-08-21 16:16:36","2017-08-21 16:16:36"
89,1,,335,534,2656,3,加算ポイント,"2017-08-21 16:16:36","2017-08-21 16:16:36"
90,1,,0,536,2656,4,利用ポイント,"2017-08-21 16:39:33","2017-08-21 16:39:33"
91,1,,443,536,2656,3,加算ポイント,"2017-08-21 16:39:33","2017-08-21 16:39:33"
92,1,,0,540,2656,4,利用ポイント,"2017-08-21 19:00:20","2017-08-21 19:00:20"
93,1,,2538,540,2656,3,加算ポイント,"2017-08-21 19:00:20","2017-08-21 19:00:20"
94,1,,0,541,2656,4,利用ポイント,"2017-08-21 19:09:53","2017-08-21 19:09:53"
95,1,,659,541,2656,3,加算ポイント,"2017-08-21 19:09:53","2017-08-21 19:09:53"
96,1,,0,542,2656,4,利用ポイント,"2017-08-21 19:11:39","2017-08-21 19:11:39"
97,1,,756,542,2656,3,加算ポイント,"2017-08-21 19:11:39","2017-08-21 19:11:39"
100,1,,0,544,2656,4,利用ポイント,"2017-08-21 19:17:48","2017-08-21 19:17:48"
101,1,,821,544,2656,3,加算ポイント,"2017-08-21 19:17:48","2017-08-21 19:17:48"
102,1,,0,545,2656,4,利用ポイント,"2017-08-21 19:20:22","2017-08-21 19:20:22"
103,1,,864,545,2656,3,加算ポイント,"2017-08-21 19:20:22","2017-08-21 19:20:22"
104,1,,0,558,2656,4,利用ポイント,"2017-08-22 14:31:05","2017-08-22 14:31:05"
105,1,,929,558,2656,3,加算ポイント,"2017-08-22 14:31:05","2017-08-22 14:31:05"
106,1,,0,563,2656,4,利用ポイント,"2017-08-22 16:04:46","2017-08-22 16:04:46"
107,1,,929,563,2656,3,加算ポイント,"2017-08-22 16:04:46","2017-08-22 16:04:46"
108,1,,0,564,2656,4,利用ポイント,"2017-08-22 16:06:09","2017-08-22 16:06:09"
109,1,,216,564,2656,3,加算ポイント,"2017-08-22 16:06:09","2017-08-22 16:06:09"
110,1,,0,578,2656,4,利用ポイント,"2017-08-23 15:19:53","2017-08-23 15:19:53"
111,1,,918,578,2656,3,加算ポイント,"2017-08-23 15:19:53","2017-08-23 15:19:53"
112,1,,0,580,2656,4,利用ポイント,"2017-08-23 15:27:05","2017-08-23 15:27:05"
113,1,,1739,580,2656,3,加算ポイント,"2017-08-23 15:27:05","2017-08-23 15:27:05"
114,1,,0,584,2656,4,利用ポイント,"2017-08-23 17:26:53","2017-08-23 17:26:53"
115,1,,1998,584,2656,3,加算ポイント,"2017-08-23 17:26:53","2017-08-23 17:26:53"
116,1,,0,586,2656,4,利用ポイント,"2017-08-23 18:07:09","2017-08-23 18:07:09"
117,1,,1253,586,2656,3,加算ポイント,"2017-08-23 18:07:09","2017-08-23 18:07:09"
118,1,,0,588,2656,4,利用ポイント,"2017-08-24 14:54:36","2017-08-24 14:54:36"
119,1,,1080,588,2656,3,加算ポイント,"2017-08-24 14:54:36","2017-08-24 14:54:36"
120,1,,0,590,2656,4,利用ポイント,"2017-08-24 15:20:09","2017-08-24 15:20:09"
121,1,,1080,590,2656,3,加算ポイント,"2017-08-24 15:20:09","2017-08-24 15:20:09"
122,1,,0,593,2656,4,利用ポイント,"2017-08-24 16:09:21","2017-08-24 16:09:21"
123,1,,1037,593,2656,3,加算ポイント,"2017-08-24 16:09:21","2017-08-24 16:09:21"
124,1,,0,594,2657,4,利用ポイント,"2017-08-24 17:09:48","2017-08-24 17:09:48"
125,1,,1080,594,2657,3,加算ポイント,"2017-08-24 17:09:48","2017-08-24 17:09:48"
126,1,,0,595,2656,4,利用ポイント,"2017-08-24 18:22:05","2017-08-24 18:22:05"
127,1,,1026,595,2656,3,加算ポイント,"2017-08-24 18:22:05","2017-08-24 18:22:05"
128,1,,0,598,2656,4,利用ポイント,"2017-08-24 18:33:47","2017-08-24 18:33:47"
129,1,,702,598,2656,3,加算ポイント,"2017-08-24 18:33:47","2017-08-24 18:33:47"
130,1,,0,599,2656,4,利用ポイント,"2017-08-24 18:44:27","2017-08-24 18:44:27"
131,1,,540,599,2656,3,加算ポイント,"2017-08-24 18:44:27","2017-08-24 18:44:27"
132,1,,0,600,2656,4,利用ポイント,"2017-08-24 19:14:44","2017-08-24 19:14:44"
133,1,,964,600,2656,3,加算ポイント,"2017-08-24 19:14:44","2017-08-24 19:14:44"
134,1,,0,604,2656,4,利用ポイント,"2017-08-25 15:18:19","2017-08-25 15:18:19"
135,1,,964,604,2656,3,加算ポイント,"2017-08-25 15:18:19","2017-08-25 15:18:19"
136,1,,0,609,2656,4,利用ポイント,"2017-08-25 15:27:07","2017-08-25 15:27:07"
137,1,,1068,609,2656,3,加算ポイント,"2017-08-25 15:27:07","2017-08-25 15:27:07"
138,1,,0,610,2656,4,利用ポイント,"2017-08-25 15:32:40","2017-08-25 15:32:40"
139,1,,532,610,2656,3,加算ポイント,"2017-08-25 15:32:40","2017-08-25 15:32:40"
140,1,,0,611,2656,4,利用ポイント,"2017-08-25 15:38:54","2017-08-25 15:38:54"
141,1,,543,611,2656,3,加算ポイント,"2017-08-25 15:38:54","2017-08-25 15:38:54"
142,1,,0,612,2656,4,利用ポイント,"2017-08-25 15:53:35","2017-08-25 15:53:35"
143,1,,435,612,2656,3,加算ポイント,"2017-08-25 15:53:35","2017-08-25 15:53:35"
144,1,,0,613,2656,4,利用ポイント,"2017-08-25 16:15:36","2017-08-25 16:15:36"
145,1,,435,613,2656,3,加算ポイント,"2017-08-25 16:15:36","2017-08-25 16:15:36"
146,1,,0,614,2656,4,利用ポイント,"2017-08-25 16:17:16","2017-08-25 16:17:16"
147,1,,651,614,2656,3,加算ポイント,"2017-08-25 16:17:17","2017-08-25 16:17:17"
148,1,,0,615,2656,4,利用ポイント,"2017-08-25 16:19:55","2017-08-25 16:19:55"
149,1,,651,615,2656,3,加算ポイント,"2017-08-25 16:19:55","2017-08-25 16:19:55"
150,1,,0,616,2656,4,利用ポイント,"2017-08-25 16:28:52","2017-08-25 16:28:52"
151,1,,543,616,2656,3,加算ポイント,"2017-08-25 16:28:52","2017-08-25 16:28:52"
152,1,,0,617,2656,4,利用ポイント,"2017-08-25 16:30:55","2017-08-25 16:30:55"
153,1,,651,617,2656,3,加算ポイント,"2017-08-25 16:30:55","2017-08-25 16:30:55"
154,1,,0,618,2656,4,利用ポイント,"2017-08-25 16:34:13","2017-08-25 16:34:13"
155,1,,543,618,2656,3,加算ポイント,"2017-08-25 16:34:13","2017-08-25 16:34:13"
156,1,,0,619,2656,4,利用ポイント,"2017-08-25 16:35:54","2017-08-25 16:35:54"
157,1,,964,619,2656,3,加算ポイント,"2017-08-25 16:35:54","2017-08-25 16:35:54"
158,1,,0,622,2656,4,利用ポイント,"2017-08-25 16:40:57","2017-08-25 16:40:57"
159,1,,1191,622,2656,3,加算ポイント,"2017-08-25 16:40:57","2017-08-25 16:40:57"
160,1,,0,623,2656,4,利用ポイント,"2017-08-25 16:43:11","2017-08-25 16:43:11"
161,1,,651,623,2656,3,加算ポイント,"2017-08-25 16:43:11","2017-08-25 16:43:11"
162,1,,0,624,2656,4,利用ポイント,"2017-08-25 16:45:17","2017-08-25 16:45:17"
163,1,,489,624,2656,3,加算ポイント,"2017-08-25 16:45:17","2017-08-25 16:45:17"
164,1,,0,625,2656,4,利用ポイント,"2017-08-25 16:47:45","2017-08-25 16:47:45"
165,1,,543,625,2656,3,加算ポイント,"2017-08-25 16:47:45","2017-08-25 16:47:45"
166,1,,0,626,2656,4,利用ポイント,"2017-08-25 16:51:09","2017-08-25 16:51:09"
167,1,,975,626,2656,3,加算ポイント,"2017-08-25 16:51:09","2017-08-25 16:51:09"
168,1,,0,627,2656,4,利用ポイント,"2017-08-25 16:53:23","2017-08-25 16:53:23"
169,1,,651,627,2656,3,加算ポイント,"2017-08-25 16:53:23","2017-08-25 16:53:23"
170,1,,0,628,2656,4,利用ポイント,"2017-08-25 16:55:03","2017-08-25 16:55:03"
171,1,,932,628,2656,3,加算ポイント,"2017-08-25 16:55:03","2017-08-25 16:55:03"
172,1,,0,633,2656,4,利用ポイント,"2017-08-25 17:34:56","2017-08-25 17:34:56"
173,1,,435,633,2656,3,加算ポイント,"2017-08-25 17:34:56","2017-08-25 17:34:56"
174,1,,0,634,2656,4,利用ポイント,"2017-08-25 17:47:06","2017-08-25 17:47:06"
175,1,,119,634,2656,3,加算ポイント,"2017-08-25 17:47:06","2017-08-25 17:47:06"
176,1,,0,635,2656,4,利用ポイント,"2017-08-25 18:03:52","2017-08-25 18:03:52"
177,1,,532,635,2656,3,加算ポイント,"2017-08-25 18:03:52","2017-08-25 18:03:52"
178,1,,0,636,2656,4,利用ポイント,"2017-08-25 18:05:05","2017-08-25 18:05:05"
179,1,,119,636,2656,3,加算ポイント,"2017-08-25 18:05:05","2017-08-25 18:05:05"
180,1,,0,637,2656,4,利用ポイント,"2017-08-25 18:16:09","2017-08-25 18:16:09"
181,1,,1191,637,2656,3,加算ポイント,"2017-08-25 18:16:09","2017-08-25 18:16:09"
182,1,,0,638,2656,4,利用ポイント,"2017-08-25 18:27:34","2017-08-25 18:27:34"
183,1,,489,638,2656,3,加算ポイント,"2017-08-25 18:27:34","2017-08-25 18:27:34"
184,1,,0,639,2656,4,利用ポイント,"2017-08-25 18:34:14","2017-08-25 18:34:14"
185,1,,489,639,2656,3,加算ポイント,"2017-08-25 18:34:14","2017-08-25 18:34:14"
186,1,,0,640,2657,4,利用ポイント,"2017-08-25 18:38:05","2017-08-25 18:38:05"
187,1,,378,640,2657,3,加算ポイント,"2017-08-25 18:38:05","2017-08-25 18:38:05"
188,1,,0,641,2657,4,利用ポイント,"2017-08-25 18:39:15","2017-08-25 18:39:15"
189,1,,532,641,2657,3,加算ポイント,"2017-08-25 18:39:15","2017-08-25 18:39:15"
190,1,,0,642,2656,4,利用ポイント,"2017-08-25 18:39:41","2017-08-25 18:39:41"
191,1,,651,642,2656,3,加算ポイント,"2017-08-25 18:39:41","2017-08-25 18:39:41"
192,1,,0,643,2656,4,利用ポイント,"2017-08-25 18:46:18","2017-08-25 18:46:18"
193,1,,770,643,2656,3,加算ポイント,"2017-08-25 18:46:18","2017-08-25 18:46:18"
194,1,,0,647,2656,4,利用ポイント,"2017-08-25 18:57:27","2017-08-25 18:57:27"
195,1,,3211,647,2656,3,加算ポイント,"2017-08-25 18:57:27","2017-08-25 18:57:27"
196,1,,0,648,2656,4,利用ポイント,"2017-08-25 19:14:45","2017-08-25 19:14:45"
197,1,,1148,648,2656,3,加算ポイント,"2017-08-25 19:14:45","2017-08-25 19:14:45"
198,1,,0,649,2656,4,利用ポイント,"2017-08-25 19:17:55","2017-08-25 19:17:55"
199,1,,1364,649,2656,3,加算ポイント,"2017-08-25 19:17:55","2017-08-25 19:17:55"
200,1,,0,651,2656,4,利用ポイント,"2017-08-25 19:20:14","2017-08-25 19:20:14"
201,1,,928,651,2656,3,加算ポイント,"2017-08-25 19:20:14","2017-08-25 19:20:14"
202,1,,0,652,2657,4,利用ポイント,"2017-08-28 12:15:56","2017-08-28 12:15:56"
203,1,,270,652,2657,3,加算ポイント,"2017-08-28 12:15:56","2017-08-28 12:15:56"
204,1,,0,653,2657,4,利用ポイント,"2017-08-28 12:18:37","2017-08-28 12:18:37"
205,1,,432,653,2657,3,加算ポイント,"2017-08-28 12:18:37","2017-08-28 12:18:37"
206,1,,0,654,2656,4,利用ポイント,"2017-08-28 14:02:37","2017-08-28 14:02:37"
207,1,,1018,654,2656,3,加算ポイント,"2017-08-28 14:02:37","2017-08-28 14:02:37"
208,1,,0,655,2656,4,利用ポイント,"2017-08-28 14:18:32","2017-08-28 14:18:32"
209,1,,539,655,2656,3,加算ポイント,"2017-08-28 14:18:32","2017-08-28 14:18:32"
210,1,,0,667,2656,4,利用ポイント,"2017-08-28 16:25:02","2017-08-28 16:25:02"
211,1,,1072,667,2656,3,加算ポイント,"2017-08-28 16:25:02","2017-08-28 16:25:02"
212,1,,0,668,2656,4,利用ポイント,"2017-08-28 16:26:17","2017-08-28 16:26:17"
213,1,,640,668,2656,3,加算ポイント,"2017-08-28 16:26:17","2017-08-28 16:26:17"
214,1,,0,669,2656,3,加算ポイント(受注内容変更),"2017-08-29 14:12:50","2017-08-29 14:12:50"
215,1,,0,671,2656,3,加算ポイント(受注内容変更),"2017-08-29 15:56:02","2017-08-29 15:56:02"
216,1,,0,672,2656,3,加算ポイント(受注内容変更),"2017-08-29 16:26:04","2017-08-29 16:26:04"
257,1,,0,713,2656,3,加算ポイント(受注内容変更),"2017-08-30 15:16:53","2017-08-30 15:16:53"
258,1,,0,714,2656,3,加算ポイント(受注内容変更),"2017-08-30 15:26:26","2017-08-30 15:26:26"
259,1,,0,715,2656,4,利用ポイント,"2017-08-30 15:37:07","2017-08-30 15:37:07"
260,1,,1029,715,2656,3,加算ポイント,"2017-08-30 15:37:07","2017-08-30 15:37:07"
263,1,,0,718,2656,3,加算ポイント(受注内容変更),"2017-08-30 16:16:20","2017-08-30 16:16:20"
264,1,,0,719,2656,3,加算ポイント(受注内容変更),"2017-08-30 19:28:50","2017-08-30 19:28:50"
265,1,,0,720,2656,3,加算ポイント(受注内容変更),"2017-08-30 19:30:36","2017-08-30 19:30:36"
266,1,,0,721,2656,3,加算ポイント(受注内容変更),"2017-08-30 19:32:12","2017-08-30 19:32:12"
267,1,,0,722,2656,3,加算ポイント(受注内容変更),"2017-08-30 19:34:07","2017-08-30 19:34:07"
268,1,,0,726,2656,4,利用ポイント,"2017-08-31 15:57:29","2017-08-31 15:57:29"
269,1,,370,726,2656,3,加算ポイント,"2017-08-31 15:57:29","2017-08-31 15:57:29"
270,1,,0,729,2656,3,加算ポイント(受注内容変更),"2017-08-31 16:49:19","2017-08-31 16:49:19"
271,1,,0,730,2656,3,加算ポイント(受注内容変更),"2017-08-31 16:56:41","2017-08-31 16:56:41"
284,1,,0,743,2656,3,加算ポイント(受注内容変更),"2017-08-31 18:59:02","2017-08-31 18:59:02"
285,1,,0,744,2656,3,加算ポイント(受注内容変更),"2017-09-01 14:26:07","2017-09-01 14:26:07"
286,1,,0,745,2656,4,利用ポイント,"2017-09-01 15:06:54","2017-09-01 15:06:54"
287,1,,431,745,2656,3,加算ポイント,"2017-09-01 15:06:54","2017-09-01 15:06:54"
288,1,,0,746,2656,3,加算ポイント(受注内容変更),"2017-09-01 15:55:31","2017-09-01 15:55:31"
289,1,,0,748,2656,3,加算ポイント(受注内容変更),"2017-09-01 18:24:17","2017-09-01 18:24:17"
290,1,,0,749,2657,3,加算ポイント(受注内容変更),"2017-09-01 18:35:41","2017-09-01 18:35:41"
291,1,,0,750,2657,3,加算ポイント(受注内容変更),"2017-09-01 18:46:52","2017-09-01 18:46:52"
292,1,,0,751,2657,3,加算ポイント(受注内容変更),"2017-09-01 18:54:55","2017-09-01 18:54:55"
293,1,,0,752,2654,3,加算ポイント(受注内容変更),"2017-09-01 19:10:57","2017-09-01 19:10:57"
294,1,,0,753,2654,3,加算ポイント(受注内容変更),"2017-09-01 19:26:19","2017-09-01 19:26:19"
295,1,,0,754,2656,3,加算ポイント(受注内容変更),"2017-09-04 14:15:34","2017-09-04 14:15:34"
296,1,,0,755,2654,3,加算ポイント(受注内容変更),"2017-09-04 18:51:06","2017-09-04 18:51:06"
297,1,,0,756,2654,3,加算ポイント(受注内容変更),"2017-09-04 18:55:12","2017-09-04 18:55:12"
298,1,,0,757,2656,4,利用ポイント,"2017-09-05 16:25:44","2017-09-05 16:25:44"
299,1,,2009,757,2656,3,加算ポイント,"2017-09-05 16:25:44","2017-09-05 16:25:44"
300,1,,0,758,2656,4,利用ポイント,"2017-09-05 16:51:13","2017-09-05 16:51:13"
301,1,,864,758,2656,3,加算ポイント,"2017-09-05 16:51:13","2017-09-05 16:51:13"
302,1,,0,759,2656,4,利用ポイント,"2017-09-05 16:53:05","2017-09-05 16:53:05"
303,1,,1180,759,2656,3,加算ポイント,"2017-09-05 16:53:05","2017-09-05 16:53:05"
308,1,,0,764,2656,4,利用ポイント,"2017-09-05 18:50:43","2017-09-05 18:50:43"
309,1,,532,764,2656,3,加算ポイント,"2017-09-05 18:50:43","2017-09-05 18:50:43"
310,1,,0,766,2656,4,利用ポイント,"2017-09-05 18:54:01","2017-09-05 18:54:01"
311,1,,1947,766,2656,3,加算ポイント,"2017-09-05 18:54:01","2017-09-05 18:54:01"
312,1,,0,767,2656,4,利用ポイント,"2017-09-06 16:20:50","2017-09-06 16:20:50"
313,1,,1720,767,2656,3,加算ポイント,"2017-09-06 16:20:50","2017-09-06 16:20:50"
314,1,,0,768,2656,4,利用ポイント,"2017-09-06 16:24:27","2017-09-06 16:24:27"
315,1,,1720,768,2656,3,加算ポイント,"2017-09-06 16:24:27","2017-09-06 16:24:27"
316,1,,0,774,2656,4,利用ポイント,"2017-09-06 17:53:42","2017-09-06 17:53:42"
317,1,,1620,774,2656,3,加算ポイント,"2017-09-06 17:53:42","2017-09-06 17:53:42"
318,1,,0,775,2656,4,利用ポイント,"2017-09-06 17:57:57","2017-09-06 17:57:57"
319,1,,1720,775,2656,3,加算ポイント,"2017-09-06 17:57:57","2017-09-06 17:57:57"
320,1,,0,776,2656,4,利用ポイント,"2017-09-06 18:06:12","2017-09-06 18:06:12"
321,1,,586,776,2656,3,加算ポイント,"2017-09-06 18:06:12","2017-09-06 18:06:12"
322,1,,0,777,2656,4,利用ポイント,"2017-09-07 14:07:46","2017-09-07 14:07:46"
323,1,,1720,777,2656,3,加算ポイント,"2017-09-07 14:07:46","2017-09-07 14:07:46"
324,1,,0,778,2656,4,利用ポイント,"2017-09-07 14:16:26","2017-09-07 14:16:26"
325,1,,1180,778,2656,3,加算ポイント,"2017-09-07 14:16:26","2017-09-07 14:16:26"
326,1,,0,779,2656,4,利用ポイント,"2017-09-07 14:18:22","2017-09-07 14:18:22"
327,1,,1180,779,2656,3,加算ポイント,"2017-09-07 14:18:22","2017-09-07 14:18:22"
328,1,,0,780,2656,4,利用ポイント,"2017-09-07 14:39:06","2017-09-07 14:39:06"
329,1,,918,780,2656,3,加算ポイント,"2017-09-07 14:39:06","2017-09-07 14:39:06"
330,1,,0,781,2656,4,利用ポイント,"2017-09-07 14:55:26","2017-09-07 14:55:26"
331,1,,230,781,2656,3,加算ポイント,"2017-09-07 14:55:26","2017-09-07 14:55:26"
332,1,,0,784,2656,4,利用ポイント,"2017-09-07 15:33:53","2017-09-07 15:33:53"
333,1,,586,784,2656,3,加算ポイント,"2017-09-07 15:33:53","2017-09-07 15:33:53"
334,1,,0,787,2656,4,利用ポイント,"2017-09-07 16:48:42","2017-09-07 16:48:42"
335,1,,424,787,2656,3,加算ポイント,"2017-09-07 16:48:42","2017-09-07 16:48:42"
336,1,,0,788,2656,4,利用ポイント,"2017-09-07 16:52:20","2017-09-07 16:52:20"
337,1,,324,788,2656,3,加算ポイント,"2017-09-07 16:52:20","2017-09-07 16:52:20"
338,1,,0,796,2656,4,利用ポイント,"2017-09-07 18:54:44","2017-09-07 18:54:44"
339,1,,424,796,2656,3,加算ポイント,"2017-09-07 18:54:44","2017-09-07 18:54:44"
340,1,,0,799,2656,3,加算ポイント(受注内容変更),"2017-09-20 15:11:07","2017-09-20 15:11:07"
341,1,,0,800,2656,3,加算ポイント(受注内容変更),"2017-09-20 15:12:15","2017-09-20 15:12:15"
342,1,,0,801,2657,3,加算ポイント(受注内容変更),"2017-09-20 15:15:56","2017-09-20 15:15:56"
343,1,,0,802,2657,3,加算ポイント(受注内容変更),"2017-09-20 15:20:47","2017-09-20 15:20:47"
344,1,,0,803,2657,3,加算ポイント(受注内容変更),"2017-09-20 15:27:21","2017-09-20 15:27:21"
345,1,,0,804,2657,4,利用ポイント,"2017-09-21 15:18:45","2017-09-21 15:18:45"
346,1,,1080,804,2657,3,加算ポイント,"2017-09-21 15:18:45","2017-09-21 15:18:45"
347,1,,0,805,2657,4,利用ポイント,"2017-09-21 15:53:29","2017-09-21 15:53:29"
348,1,,964,805,2657,3,加算ポイント,"2017-09-21 15:53:29","2017-09-21 15:53:29"
349,1,,0,806,2657,4,利用ポイント,"2017-09-21 17:20:28","2017-09-21 17:20:28"
350,1,,1018,806,2657,3,加算ポイント,"2017-09-21 17:20:28","2017-09-21 17:20:28"
351,1,,0,807,2657,4,利用ポイント,"2017-09-22 12:10:17","2017-09-22 12:10:17"
352,1,,542,807,2657,3,加算ポイント,"2017-09-22 12:10:17","2017-09-22 12:10:17"
353,1,,0,813,2657,4,利用ポイント,"2017-09-26 11:12:59","2017-09-26 11:12:59"
354,1,,542,813,2657,3,加算ポイント,"2017-09-26 11:12:59","2017-09-26 11:12:59"
355,1,,0,814,2657,4,利用ポイント,"2017-09-26 11:54:14","2017-09-26 11:54:14"
356,1,,542,814,2657,3,加算ポイント,"2017-09-26 11:54:14","2017-09-26 11:54:14"
357,1,,0,816,2656,4,利用ポイント,"2017-09-26 15:00:08","2017-09-26 15:00:08"
358,1,,1080,816,2656,3,加算ポイント,"2017-09-26 15:00:08","2017-09-26 15:00:08"
359,1,,0,817,2656,4,利用ポイント,"2017-09-26 15:09:07","2017-09-26 15:09:07"
360,1,,1180,817,2656,3,加算ポイント,"2017-09-26 15:09:07","2017-09-26 15:09:07"
361,1,,0,818,2657,4,利用ポイント,"2017-09-26 15:31:59","2017-09-26 15:31:59"
362,1,,442,818,2657,3,加算ポイント,"2017-09-26 15:31:59","2017-09-26 15:31:59"
363,1,,0,819,2657,4,利用ポイント,"2017-09-26 15:36:30","2017-09-26 15:36:30"
364,1,,634,819,2657,3,加算ポイント,"2017-09-26 15:36:30","2017-09-26 15:36:30"
365,1,,0,820,2656,4,利用ポイント,"2017-09-26 15:40:25","2017-09-26 15:40:25"
366,1,,864,820,2656,3,加算ポイント,"2017-09-26 15:40:25","2017-09-26 15:40:25"
367,1,,0,821,2656,4,利用ポイント,"2017-09-26 15:43:41","2017-09-26 15:43:41"
368,1,,532,821,2656,3,加算ポイント,"2017-09-26 15:43:41","2017-09-26 15:43:41"
369,1,,0,822,2656,4,利用ポイント,"2017-09-26 15:52:22","2017-09-26 15:52:22"
370,1,,750,822,2656,3,加算ポイント,"2017-09-26 15:52:22","2017-09-26 15:52:22"
371,1,,0,823,2656,4,利用ポイント,"2017-09-26 15:57:17","2017-09-26 15:57:17"
372,1,,280,823,2656,3,加算ポイント,"2017-09-26 15:57:17","2017-09-26 15:57:17"
373,1,,0,824,2656,4,利用ポイント,"2017-09-26 15:59:57","2017-09-26 15:59:57"
374,1,,588,824,2656,3,加算ポイント,"2017-09-26 15:59:57","2017-09-26 15:59:57"
375,1,,0,825,2656,4,利用ポイント,"2017-09-26 16:01:26","2017-09-26 16:01:26"
376,1,,704,825,2656,3,加算ポイント,"2017-09-26 16:01:26","2017-09-26 16:01:26"
377,1,,0,829,2656,4,利用ポイント,"2017-09-26 16:19:53","2017-09-26 16:19:53"
378,1,,586,829,2656,3,加算ポイント,"2017-09-26 16:19:53","2017-09-26 16:19:53"
379,1,,0,835,2656,4,利用ポイント,"2017-09-26 16:29:42","2017-09-26 16:29:42"
380,1,,388,835,2656,3,加算ポイント,"2017-09-26 16:29:42","2017-09-26 16:29:42"
381,1,,0,832,2656,4,利用ポイント,"2017-09-26 16:39:05","2017-09-26 16:39:05"
382,1,,596,832,2656,3,加算ポイント,"2017-09-26 16:39:05","2017-09-26 16:39:05"
383,1,,0,837,2656,4,利用ポイント,"2017-09-26 16:41:36","2017-09-26 16:41:36"
384,1,,488,837,2656,3,加算ポイント,"2017-09-26 16:41:36","2017-09-26 16:41:36"
385,1,,0,838,2657,4,利用ポイント,"2017-09-26 17:01:37","2017-09-26 17:01:37"
386,1,,160,838,2657,3,加算ポイント,"2017-09-26 17:01:37","2017-09-26 17:01:37"
387,1,,0,839,2657,4,利用ポイント,"2017-09-26 17:05:38","2017-09-26 17:05:38"
388,1,,510,839,2657,3,加算ポイント,"2017-09-26 17:05:38","2017-09-26 17:05:38"
389,1,,0,840,2656,4,利用ポイント,"2017-09-26 17:17:54","2017-09-26 17:17:54"
390,1,,488,840,2656,3,加算ポイント,"2017-09-26 17:17:54","2017-09-26 17:17:54"
391,1,,0,841,2656,4,利用ポイント,"2017-09-26 17:20:58","2017-09-26 17:20:58"
392,1,,650,841,2656,3,加算ポイント,"2017-09-26 17:20:58","2017-09-26 17:20:58"
393,1,,0,842,2656,4,利用ポイント,"2017-09-26 17:32:23","2017-09-26 17:32:23"
394,1,,380,842,2656,3,加算ポイント,"2017-09-26 17:32:23","2017-09-26 17:32:23"
395,1,,0,843,2656,4,利用ポイント,"2017-09-26 17:34:02","2017-09-26 17:34:02"
396,1,,424,843,2656,3,加算ポイント,"2017-09-26 17:34:02","2017-09-26 17:34:02"
397,1,,0,844,2656,4,利用ポイント,"2017-09-26 17:36:50","2017-09-26 17:36:50"
398,1,,118,844,2656,3,加算ポイント,"2017-09-26 17:36:50","2017-09-26 17:36:50"
401,1,,0,846,2656,4,利用ポイント,"2017-09-26 17:46:01","2017-09-26 17:46:01"
402,1,,434,846,2656,3,加算ポイント,"2017-09-26 17:46:01","2017-09-26 17:46:01"
403,1,,0,847,2656,4,利用ポイント,"2017-09-26 17:47:01","2017-09-26 17:47:01"
404,1,,478,847,2656,3,加算ポイント,"2017-09-26 17:47:01","2017-09-26 17:47:01"
405,1,,0,848,2656,4,利用ポイント,"2017-09-26 17:49:40","2017-09-26 17:49:40"
406,1,,856,848,2656,3,加算ポイント,"2017-09-26 17:49:40","2017-09-26 17:49:40"
407,1,,0,849,2656,4,利用ポイント,"2017-09-26 18:07:59","2017-09-26 18:07:59"
408,1,,1720,849,2656,3,加算ポイント,"2017-09-26 18:07:59","2017-09-26 18:07:59"
409,1,,0,850,2656,4,利用ポイント,"2017-09-26 18:10:48","2017-09-26 18:10:48"
410,1,,532,850,2656,3,加算ポイント,"2017-09-26 18:10:48","2017-09-26 18:10:48"
411,1,,0,851,2656,4,利用ポイント,"2017-09-26 18:11:53","2017-09-26 18:11:53"
412,1,,488,851,2656,3,加算ポイント,"2017-09-26 18:11:53","2017-09-26 18:11:53"
413,1,,0,852,2656,4,利用ポイント,"2017-09-26 18:12:50","2017-09-26 18:12:50"
414,1,,478,852,2656,3,加算ポイント,"2017-09-26 18:12:50","2017-09-26 18:12:50"
415,1,,0,853,2657,4,利用ポイント,"2017-09-26 18:17:10","2017-09-26 18:17:10"
416,1,,1028,853,2657,3,加算ポイント,"2017-09-26 18:17:10","2017-09-26 18:17:10"
417,1,,0,854,2657,4,利用ポイント,"2017-09-26 18:22:25","2017-09-26 18:22:25"
418,1,,410,854,2657,3,加算ポイント,"2017-09-26 18:22:25","2017-09-26 18:22:25"
419,1,,0,855,2656,4,利用ポイント,"2017-09-26 18:27:27","2017-09-26 18:27:27"
420,1,,596,855,2656,3,加算ポイント,"2017-09-26 18:27:27","2017-09-26 18:27:27"
421,1,,0,856,2657,4,利用ポイント,"2017-09-26 18:29:46","2017-09-26 18:29:46"
422,1,,226,856,2657,3,加算ポイント,"2017-09-26 18:29:46","2017-09-26 18:29:46"
423,1,,0,858,2657,4,利用ポイント,"2017-09-26 18:32:37","2017-09-26 18:32:37"
424,1,,542,858,2657,3,加算ポイント,"2017-09-26 18:32:37","2017-09-26 18:32:37"
425,1,,0,857,2656,4,利用ポイント,"2017-09-26 18:33:57","2017-09-26 18:33:57"
426,1,,1830,857,2656,3,加算ポイント,"2017-09-26 18:33:57","2017-09-26 18:33:57"
427,1,,0,860,2656,4,利用ポイント,"2017-09-26 18:59:59","2017-09-26 18:59:59"
428,1,,1308,860,2656,3,加算ポイント,"2017-09-26 19:00:00","2017-09-26 19:00:00"
429,1,,0,861,2656,4,利用ポイント,"2017-09-26 19:01:57","2017-09-26 19:01:57"
430,1,,864,861,2656,3,加算ポイント,"2017-09-26 19:01:57","2017-09-26 19:01:57"
431,1,,0,862,2656,4,利用ポイント,"2017-09-26 19:05:04","2017-09-26 19:05:04"
432,1,,1630,862,2656,3,加算ポイント,"2017-09-26 19:05:04","2017-09-26 19:05:04"
433,1,,0,863,2656,4,利用ポイント,"2017-09-26 19:09:21","2017-09-26 19:09:21"
434,1,,712,863,2656,3,加算ポイント,"2017-09-26 19:09:21","2017-09-26 19:09:21"
435,1,,0,864,2656,4,利用ポイント,"2017-09-26 19:13:34","2017-09-26 19:13:34"
436,1,,550,864,2656,3,加算ポイント,"2017-09-26 19:13:34","2017-09-26 19:13:34"
437,1,,0,865,2656,4,利用ポイント,"2017-09-27 14:49:33","2017-09-27 14:49:33"
438,1,,1730,865,2656,3,加算ポイント,"2017-09-27 14:49:33","2017-09-27 14:49:33"
439,1,,0,868,2656,4,利用ポイント,"2017-09-27 14:57:42","2017-09-27 14:57:42"
440,1,,488,868,2656,3,加算ポイント,"2017-09-27 14:57:42","2017-09-27 14:57:42"
441,1,,0,869,2656,4,利用ポイント,"2017-09-27 15:03:14","2017-09-27 15:03:14"
442,1,,60,869,2656,3,加算ポイント,"2017-09-27 15:03:14","2017-09-27 15:03:14"
443,1,,0,870,2656,4,利用ポイント,"2017-09-27 15:11:42","2017-09-27 15:11:42"
444,1,,1190,870,2656,3,加算ポイント,"2017-09-27 15:11:42","2017-09-27 15:11:42"
445,1,,0,871,2656,4,利用ポイント,"2017-09-27 15:14:01","2017-09-27 15:14:01"
446,1,,1072,871,2656,3,加算ポイント,"2017-09-27 15:14:01","2017-09-27 15:14:01"
447,1,,0,872,2656,4,利用ポイント,"2017-09-27 15:15:23","2017-09-27 15:15:23"
448,1,,510,872,2656,3,加算ポイント,"2017-09-27 15:15:23","2017-09-27 15:15:23"
449,1,,0,873,2657,4,利用ポイント,"2017-10-02 19:18:05","2017-10-02 19:18:05"
450,1,,586,873,2657,3,加算ポイント,"2017-10-02 19:18:05","2017-10-02 19:18:05"
451,1,,0,874,2657,4,利用ポイント,"2017-10-02 19:26:55","2017-10-02 19:26:55"
452,1,,542,874,2657,3,加算ポイント,"2017-10-02 19:26:55","2017-10-02 19:26:55"
453,1,,0,876,2657,4,利用ポイント,"2017-10-02 19:43:09","2017-10-02 19:43:09"
454,1,,442,876,2657,3,加算ポイント,"2017-10-02 19:43:09","2017-10-02 19:43:09"
455,1,,0,877,2657,4,利用ポイント,"2017-10-03 15:55:15","2017-10-03 15:55:15"
456,1,,60,877,2657,3,加算ポイント,"2017-10-03 15:55:15","2017-10-03 15:55:15"
457,1,,0,880,2657,4,利用ポイント,"2017-10-04 10:47:34","2017-10-04 10:47:34"
458,1,,874,880,2657,3,加算ポイント,"2017-10-04 10:47:34","2017-10-04 10:47:34"
459,1,,0,881,2656,4,利用ポイント,"2017-10-04 11:19:35","2017-10-04 11:19:35"
460,1,,432,881,2656,3,加算ポイント,"2017-10-04 11:19:35","2017-10-04 11:19:35"
461,1,,0,882,2656,4,利用ポイント,"2017-10-04 11:24:06","2017-10-04 11:24:06"
462,1,,432,882,2656,3,加算ポイント,"2017-10-04 11:24:06","2017-10-04 11:24:06"
463,1,,0,889,2656,4,利用ポイント,"2017-10-06 15:06:54","2017-10-06 15:06:54"
464,1,,1080,889,2656,3,加算ポイント,"2017-10-06 15:06:54","2017-10-06 15:06:54"
465,1,,0,890,2656,4,利用ポイント,"2017-10-06 15:09:19","2017-10-06 15:09:19"
466,1,,796,890,2656,3,加算ポイント,"2017-10-06 15:09:19","2017-10-06 15:09:19"
467,1,,0,891,2656,4,利用ポイント,"2017-10-06 15:11:28","2017-10-06 15:11:28"
468,1,,1072,891,2656,3,加算ポイント,"2017-10-06 15:11:28","2017-10-06 15:11:28"
469,1,,0,892,2656,4,利用ポイント,"2017-10-06 17:10:10","2017-10-06 17:10:10"
470,1,,940,892,2656,3,加算ポイント,"2017-10-06 17:10:10","2017-10-06 17:10:10"
471,1,,0,893,2656,4,利用ポイント,"2017-10-06 17:12:08","2017-10-06 17:12:08"
472,1,,640,893,2656,3,加算ポイント,"2017-10-06 17:12:08","2017-10-06 17:12:08"
473,1,,0,896,2656,4,利用ポイント,"2017-10-06 17:37:38","2017-10-06 17:37:38"
474,1,,434,896,2656,3,加算ポイント,"2017-10-06 17:37:38","2017-10-06 17:37:38"
475,1,,0,902,2656,4,利用ポイント,"2017-10-06 18:14:11","2017-10-06 18:14:11"
476,1,,1180,902,2656,3,加算ポイント,"2017-10-06 18:14:11","2017-10-06 18:14:11"
477,1,,0,909,2656,4,利用ポイント,"2017-10-11 14:14:48","2017-10-11 14:14:48"
478,1,,1180,909,2656,3,加算ポイント,"2017-10-11 14:14:49","2017-10-11 14:14:49"
479,1,,0,910,2656,3,加算ポイント(受注内容変更),"2017-10-11 14:33:30","2017-10-11 14:33:30"
480,1,,0,911,2656,4,利用ポイント,"2017-10-11 14:37:09","2017-10-11 14:37:09"
481,1,,1180,911,2656,3,加算ポイント,"2017-10-11 14:37:09","2017-10-11 14:37:09"
482,1,,0,913,2656,4,利用ポイント,"2017-10-11 15:45:07","2017-10-11 15:45:07"
483,1,,640,913,2656,3,加算ポイント,"2017-10-11 15:45:07","2017-10-11 15:45:07"
484,1,,0,912,2657,4,利用ポイント,"2017-10-11 16:06:27","2017-10-11 16:06:27"
485,1,,658,912,2657,3,加算ポイント,"2017-10-11 16:06:27","2017-10-11 16:06:27"
486,1,,0,919,2656,4,利用ポイント,"2017-10-11 17:43:39","2017-10-11 17:43:39"
487,1,,424,919,2656,3,加算ポイント,"2017-10-11 17:43:39","2017-10-11 17:43:39"
488,1,,0,925,2657,4,利用ポイント,"2017-10-11 18:30:45","2017-10-11 18:30:45"
489,1,,1090,925,2657,3,加算ポイント,"2017-10-11 18:30:45","2017-10-11 18:30:45"
490,1,,0,927,2657,4,利用ポイント,"2017-10-12 11:13:01","2017-10-12 11:13:01"
491,1,,510,927,2657,3,加算ポイント,"2017-10-12 11:13:01","2017-10-12 11:13:01"
492,1,,0,929,2657,4,利用ポイント,"2017-10-12 12:32:49","2017-10-12 12:32:49"
493,1,,1082,929,2657,3,加算ポイント,"2017-10-12 12:32:49","2017-10-12 12:32:49"
494,1,,0,952,2656,4,利用ポイント,"2018-02-07 15:51:54","2018-02-07 15:51:54"
495,1,,964,952,2656,3,加算ポイント,"2018-02-07 15:51:54","2018-02-07 15:51:54"
496,1,,0,,2657,1,保有ポイント(手動変更),"2018-02-08 14:59:02","2018-02-08 14:59:02"
497,1,,200,,2657,1,保有ポイント(手動変更),"2018-02-08 14:59:02","2018-02-08 14:59:02"
498,1,,-100,970,2657,5,仮利用ポイント,"2018-02-08 15:02:18","2018-02-08 15:02:18"
499,1,,-100,970,2657,4,利用ポイント,"2018-02-08 15:02:34","2018-02-08 15:02:34"
500,1,,324,970,2657,3,加算ポイント,"2018-02-08 15:02:34","2018-02-08 15:02:34"
501,1,,-1,971,2657,5,仮利用ポイント,"2018-02-08 15:10:47","2018-02-08 15:10:47"
502,1,,-1,972,2657,5,仮利用ポイント,"2018-02-08 15:16:14","2018-02-08 15:16:14"
503,1,,-1,972,2657,4,利用ポイント,"2018-02-08 15:16:24","2018-02-08 15:16:24"
504,1,,532,972,2657,3,加算ポイント,"2018-02-08 15:16:24","2018-02-08 15:16:24"
505,1,,0,973,2657,4,利用ポイント,"2018-02-08 15:29:13","2018-02-08 15:29:13"
506,1,,886,973,2657,3,加算ポイント,"2018-02-08 15:29:13","2018-02-08 15:29:13"
507,1,,0,974,2657,4,利用ポイント,"2018-02-08 15:32:41","2018-02-08 15:32:41"
508,1,,1404,974,2657,3,加算ポイント,"2018-02-08 15:32:41","2018-02-08 15:32:41"
509,1,,-1,984,2657,5,仮利用ポイント,"2018-02-09 17:38:02","2018-02-09 17:38:02"
510,1,,-1,984,2657,4,利用ポイント,"2018-02-09 17:38:36","2018-02-09 17:38:36"
511,1,,432,984,2657,3,加算ポイント,"2018-02-09 17:38:36","2018-02-09 17:38:36"
512,1,,-1,985,2657,5,仮利用ポイント,"2018-02-09 18:08:11","2018-02-09 18:08:11"
513,1,,-1,985,2657,4,利用ポイント,"2018-02-09 18:09:33","2018-02-09 18:09:33"
514,1,,432,985,2657,3,加算ポイント,"2018-02-09 18:09:33","2018-02-09 18:09:33"
515,1,,0,986,2661,4,利用ポイント,"2018-02-14 11:57:09","2018-02-14 11:57:09"
516,1,,540,986,2661,3,加算ポイント,"2018-02-14 11:57:09","2018-02-14 11:57:09"
517,1,,0,987,2661,4,利用ポイント,"2018-02-14 11:58:41","2018-02-14 11:58:41"
518,1,,694,987,2661,3,加算ポイント,"2018-02-14 11:58:41","2018-02-14 11:58:41"
519,1,,-1,991,2657,5,仮利用ポイント,"2018-02-22 12:55:04","2018-02-22 12:55:04"
520,1,,-1,991,2657,4,利用ポイント,"2018-02-22 12:55:12","2018-02-22 12:55:12"
521,1,,640,991,2657,3,加算ポイント,"2018-02-22 12:55:12","2018-02-22 12:55:12"
522,1,,0,992,2657,4,利用ポイント,"2018-02-22 13:03:59","2018-02-22 13:03:59"
523,1,,432,992,2657,3,加算ポイント,"2018-02-22 13:03:59","2018-02-22 13:03:59"
524,1,,0,993,2657,4,利用ポイント,"2018-02-23 14:12:59","2018-02-23 14:12:59"
525,1,,640,993,2657,3,加算ポイント,"2018-02-23 14:12:59","2018-02-23 14:12:59"
526,1,,0,994,2657,4,利用ポイント,"2018-02-23 14:20:04","2018-02-23 14:20:04"
527,1,,748,994,2657,3,加算ポイント,"2018-02-23 14:20:04","2018-02-23 14:20:04"
528,1,,0,995,2657,4,利用ポイント,"2018-03-06 17:49:00","2018-03-06 17:49:00"
529,1,,432,995,2657,3,加算ポイント,"2018-03-06 17:49:00","2018-03-06 17:49:00"
530,1,,0,1012,2662,4,利用ポイント,"2018-07-13 13:02:12","2018-07-13 13:02:12"
531,1,,108,1012,2662,3,加算ポイント,"2018-07-13 13:02:12","2018-07-13 13:02:12"
532,1,,0,1017,2660,4,利用ポイント,"2018-10-10 12:11:39","2018-10-10 12:11:39"
533,1,,400,1017,2660,3,加算ポイント,"2018-10-10 12:11:39","2018-10-10 12:11:39"
534,1,,0,1018,2660,4,利用ポイント,"2018-10-10 12:31:01","2018-10-10 12:31:01"
535,1,,478,1018,2660,3,加算ポイント,"2018-10-10 12:31:01","2018-10-10 12:31:01"
536,1,,0,1020,2660,4,利用ポイント,"2018-10-10 12:40:58","2018-10-10 12:40:58"
537,1,,400,1020,2660,3,加算ポイント,"2018-10-10 12:40:58","2018-10-10 12:40:58"
538,1,,0,1022,2663,4,利用ポイント,"2018-10-10 13:07:53","2018-10-10 13:07:53"
539,1,,400,1022,2663,3,加算ポイント,"2018-10-10 13:07:53","2018-10-10 13:07:53"
540,1,,0,1023,2660,4,利用ポイント,"2018-10-10 13:19:34","2018-10-10 13:19:34"
541,1,,300,1023,2660,3,加算ポイント,"2018-10-10 13:19:34","2018-10-10 13:19:34"
542,1,,0,1024,2660,4,利用ポイント,"2018-10-10 16:02:32","2018-10-10 16:02:32"
543,1,,748,1024,2660,3,加算ポイント,"2018-10-10 16:02:32","2018-10-10 16:02:32"
544,1,,0,1025,2660,4,利用ポイント,"2018-10-15 11:33:16","2018-10-15 11:33:16"
545,1,,478,1025,2660,3,加算ポイント,"2018-10-15 11:33:16","2018-10-15 11:33:16"
546,1,,0,1026,2660,4,利用ポイント,"2018-10-15 11:37:48","2018-10-15 11:37:48"
547,1,,400,1026,2660,3,加算ポイント,"2018-10-15 11:37:48","2018-10-15 11:37:48"
548,1,,0,1041,2656,4,利用ポイント,"2019-03-28 11:35:07","2019-03-28 11:35:07"
549,1,,1404,1041,2656,3,加算ポイント,"2019-03-28 11:35:07","2019-03-28 11:35:07"
550,1,,0,1043,2660,4,利用ポイント,"2019-03-28 18:40:00","2019-03-28 18:40:00"
551,1,,468,1043,2660,3,加算ポイント,"2019-03-28 18:40:00","2019-03-28 18:40:00"
552,1,,0,1046,2666,4,利用ポイント,"2019-04-01 17:22:30","2019-04-01 17:22:30"
553,1,,87,1046,2666,3,加算ポイント,"2019-04-01 17:22:30","2019-04-01 17:22:30"
554,1,,0,1048,2667,4,利用ポイント,"2019-04-01 17:41:48","2019-04-01 17:41:48"
555,1,,87,1048,2667,3,加算ポイント,"2019-04-01 17:41:48","2019-04-01 17:41:48"
556,1,,0,1054,2633,4,利用ポイント,"2019-04-03 13:32:14","2019-04-03 13:32:14"
557,1,,486,1054,2633,3,加算ポイント,"2019-04-03 13:32:14","2019-04-03 13:32:14"
558,1,,0,1063,2660,4,利用ポイント,"2019-04-18 10:09:19","2019-04-18 10:09:19"
559,1,,532,1063,2660,3,加算ポイント,"2019-04-18 10:09:19","2019-04-18 10:09:19"
560,1,,0,1064,2656,4,利用ポイント,"2019-04-24 10:38:09","2019-04-24 10:38:09"
561,1,,1180,1064,2656,3,加算ポイント,"2019-04-24 10:38:09","2019-04-24 10:38:09"
562,1,,0,1082,78,4,利用ポイント,"2019-05-10 18:21:38","2019-05-10 18:21:38"
563,1,,300,1082,78,3,加算ポイント,"2019-05-10 18:21:38","2019-05-10 18:21:38"
564,1,,0,1083,78,4,利用ポイント,"2019-05-10 18:22:20","2019-05-10 18:22:20"
565,1,,864,1083,78,3,加算ポイント,"2019-05-10 18:22:20","2019-05-10 18:22:20"
566,1,,0,1084,2656,4,利用ポイント,"2019-05-13 10:04:29","2019-05-13 10:04:29"
567,1,,432,1084,2656,3,加算ポイント,"2019-05-13 10:04:29","2019-05-13 10:04:29"
568,1,,0,1085,2656,4,利用ポイント,"2019-05-13 10:12:37","2019-05-13 10:12:37"
569,1,,1080,1085,2656,3,加算ポイント,"2019-05-13 10:12:37","2019-05-13 10:12:37"
570,1,,0,1088,2656,4,利用ポイント,"2019-05-13 10:25:10","2019-05-13 10:25:10"
571,1,,864,1088,2656,3,加算ポイント,"2019-05-13 10:25:10","2019-05-13 10:25:10"
572,1,,0,1090,2633,4,利用ポイント,"2019-05-23 13:41:56","2019-05-23 13:41:56"
573,1,,702,1090,2633,3,加算ポイント,"2019-05-23 13:41:56","2019-05-23 13:41:56"
574,1,,0,1091,2633,4,利用ポイント,"2019-05-23 14:10:42","2019-05-23 14:10:42"
575,1,,972,1091,2633,3,加算ポイント,"2019-05-23 14:10:42","2019-05-23 14:10:42"
576,1,,0,1092,2633,4,利用ポイント,"2019-05-23 14:21:14","2019-05-23 14:21:14"
577,1,,1134,1092,2633,3,加算ポイント,"2019-05-23 14:21:14","2019-05-23 14:21:14"
578,1,,0,1097,2633,4,利用ポイント,"2019-05-27 17:35:51","2019-05-27 17:35:51"
579,1,,1080,1097,2633,3,加算ポイント,"2019-05-27 17:35:52","2019-05-27 17:35:52"
580,1,,0,1098,2633,4,利用ポイント,"2019-05-27 18:09:44","2019-05-27 18:09:44"
581,1,,410,1098,2633,3,加算ポイント,"2019-05-27 18:09:44","2019-05-27 18:09:44"
582,1,,0,1099,2633,4,利用ポイント,"2019-05-27 18:12:25","2019-05-27 18:12:25"
583,1,,1010,1099,2633,3,加算ポイント,"2019-05-27 18:12:25","2019-05-27 18:12:25"
584,1,,0,1100,2633,4,利用ポイント,"2019-05-27 18:40:39","2019-05-27 18:40:39"
585,1,,540,1100,2633,3,加算ポイント,"2019-05-27 18:40:39","2019-05-27 18:40:39"
586,1,,0,1101,2668,4,利用ポイント,"2019-06-18 10:13:47","2019-06-18 10:13:47"
587,1,,300,1101,2668,3,加算ポイント,"2019-06-18 10:13:47","2019-06-18 10:13:47"
588,1,,0,1102,2669,4,利用ポイント,"2019-06-19 14:14:09","2019-06-19 14:14:09"
589,1,,540,1102,2669,3,加算ポイント,"2019-06-19 14:14:10","2019-06-19 14:14:10"
590,1,,0,1106,2669,4,利用ポイント,"2019-06-20 17:39:30","2019-06-20 17:39:30"
591,1,,702,1106,2669,3,加算ポイント,"2019-06-20 17:39:30","2019-06-20 17:39:30"
592,1,,0,1108,2669,4,利用ポイント,"2019-06-20 17:50:41","2019-06-20 17:50:41"
593,1,,270,1108,2669,3,加算ポイント,"2019-06-20 17:50:41","2019-06-20 17:50:41"
594,1,,0,1110,2656,4,利用ポイント,"2019-06-22 12:27:15","2019-06-22 12:27:15"
595,1,,368,1110,2656,3,加算ポイント,"2019-06-22 12:27:15","2019-06-22 12:27:15"
596,1,,0,1111,78,4,利用ポイント,"2019-06-22 12:29:11","2019-06-22 12:29:11"
597,1,,50,1111,78,3,加算ポイント,"2019-06-22 12:29:11","2019-06-22 12:29:11"
598,1,,0,1117,2633,4,利用ポイント,"2019-06-24 10:33:56","2019-06-24 10:33:56"
599,1,,1188,1117,2633,3,加算ポイント,"2019-06-24 10:33:56","2019-06-24 10:33:56"
600,1,,0,1118,2633,4,利用ポイント,"2019-06-24 11:16:42","2019-06-24 11:16:42"
601,1,,80,1118,2633,3,加算ポイント,"2019-06-24 11:16:42","2019-06-24 11:16:42"
602,1,,0,1119,2633,4,利用ポイント,"2019-06-24 11:22:24","2019-06-24 11:22:24"
603,1,,864,1119,2633,3,加算ポイント,"2019-06-24 11:22:24","2019-06-24 11:22:24"
604,1,,0,1121,2669,4,利用ポイント,"2019-06-25 11:30:34","2019-06-25 11:30:34"
605,1,,1296,1121,2669,3,加算ポイント,"2019-06-25 11:30:34","2019-06-25 11:30:34"
606,1,,0,1122,2669,4,利用ポイント,"2019-06-25 11:47:07","2019-06-25 11:47:07"
607,1,,1080,1122,2669,3,加算ポイント,"2019-06-25 11:47:07","2019-06-25 11:47:07"
608,1,,0,1123,2669,4,利用ポイント,"2019-06-25 11:52:49","2019-06-25 11:52:49"
609,1,,756,1123,2669,3,加算ポイント,"2019-06-25 11:52:49","2019-06-25 11:52:49"
610,1,,0,1124,2633,4,利用ポイント,"2019-06-25 12:02:29","2019-06-25 12:02:29"
611,1,,432,1124,2633,3,加算ポイント,"2019-06-25 12:02:29","2019-06-25 12:02:29"
612,1,,0,1125,2669,4,利用ポイント,"2019-06-25 17:22:10","2019-06-25 17:22:10"
613,1,,432,1125,2669,3,加算ポイント,"2019-06-25 17:22:10","2019-06-25 17:22:10"
614,1,,0,1126,2633,4,利用ポイント,"2019-06-25 18:26:33","2019-06-25 18:26:33"
615,1,,432,1126,2633,3,加算ポイント,"2019-06-25 18:26:33","2019-06-25 18:26:33"
616,1,,0,1127,2633,4,利用ポイント,"2019-06-27 13:28:29","2019-06-27 13:28:29"
617,1,,540,1127,2633,3,加算ポイント,"2019-06-27 13:28:29","2019-06-27 13:28:29"
618,1,,0,1128,2633,4,利用ポイント,"2019-06-27 13:33:13","2019-06-27 13:33:13"
619,1,,216,1128,2633,3,加算ポイント,"2019-06-27 13:33:13","2019-06-27 13:33:13"
620,1,,0,1129,2633,4,利用ポイント,"2019-06-27 13:34:30","2019-06-27 13:34:30"
621,1,,98,1129,2633,3,加算ポイント,"2019-06-27 13:34:30","2019-06-27 13:34:30"
622,1,,0,1130,2633,4,利用ポイント,"2019-06-27 14:47:20","2019-06-27 14:47:20"
623,1,,486,1130,2633,3,加算ポイント,"2019-06-27 14:47:20","2019-06-27 14:47:20"
624,1,,0,1131,2633,4,利用ポイント,"2019-06-27 14:58:17","2019-06-27 14:58:17"
625,1,,378,1131,2633,3,加算ポイント,"2019-06-27 14:58:17","2019-06-27 14:58:17"
626,1,,0,1132,2633,4,利用ポイント,"2019-06-27 15:14:11","2019-06-27 15:14:11"
627,1,,270,1132,2633,3,加算ポイント,"2019-06-27 15:14:11","2019-06-27 15:14:11"
628,1,,0,1133,2669,4,利用ポイント,"2019-06-27 16:36:57","2019-06-27 16:36:57"
629,1,,98,1133,2669,3,加算ポイント,"2019-06-27 16:36:57","2019-06-27 16:36:57"
630,1,,0,1134,2669,4,利用ポイント,"2019-06-27 16:40:12","2019-06-27 16:40:12"
631,1,,98,1134,2669,3,加算ポイント,"2019-06-27 16:40:12","2019-06-27 16:40:12"
632,1,,0,1135,2669,4,利用ポイント,"2019-06-27 16:42:39","2019-06-27 16:42:39"
633,1,,195,1135,2669,3,加算ポイント,"2019-06-27 16:42:39","2019-06-27 16:42:39"
634,1,,0,1136,2656,4,利用ポイント,"2019-06-27 18:21:42","2019-06-27 18:21:42"
635,1,,1720,1136,2656,3,加算ポイント,"2019-06-27 18:21:42","2019-06-27 18:21:42"
636,1,,0,1137,2656,4,利用ポイント,"2019-06-27 18:26:19","2019-06-27 18:26:19"
637,1,,1620,1137,2656,3,加算ポイント,"2019-06-27 18:26:19","2019-06-27 18:26:19"
638,1,,0,1139,2656,4,利用ポイント,"2019-07-04 12:45:30","2019-07-04 12:45:30"
639,1,,756,1139,2656,3,加算ポイント,"2019-07-04 12:45:30","2019-07-04 12:45:30"
640,1,,0,1140,2656,4,利用ポイント,"2019-07-04 12:46:47","2019-07-04 12:46:47"
641,1,,756,1140,2656,3,加算ポイント,"2019-07-04 12:46:47","2019-07-04 12:46:47"
642,1,,0,1141,2633,4,利用ポイント,"2019-07-09 12:32:55","2019-07-09 12:32:55"
643,1,,432,1141,2633,3,加算ポイント,"2019-07-09 12:32:55","2019-07-09 12:32:55"
644,1,,0,1142,2633,4,利用ポイント,"2019-07-09 12:33:42","2019-07-09 12:33:42"
645,1,,432,1142,2633,3,加算ポイント,"2019-07-09 12:33:42","2019-07-09 12:33:42"
646,1,,0,1143,2669,4,利用ポイント,"2019-07-10 10:05:33","2019-07-10 10:05:33"
647,1,,216,1143,2669,3,加算ポイント,"2019-07-10 10:05:33","2019-07-10 10:05:33"
648,1,,0,1144,2669,4,利用ポイント,"2019-07-10 10:06:04","2019-07-10 10:06:04"
649,1,,216,1144,2669,3,加算ポイント,"2019-07-10 10:06:04","2019-07-10 10:06:04"
650,1,,0,1145,2669,4,利用ポイント,"2019-07-10 10:07:46","2019-07-10 10:07:46"
651,1,,216,1145,2669,3,加算ポイント,"2019-07-10 10:07:46","2019-07-10 10:07:46"
652,1,,0,1146,2669,4,利用ポイント,"2019-07-10 10:09:58","2019-07-10 10:09:58"
653,1,,216,1146,2669,3,加算ポイント,"2019-07-10 10:09:58","2019-07-10 10:09:58"
654,1,,0,1147,2656,4,利用ポイント,"2019-08-05 12:41:52","2019-08-05 12:41:52"
655,1,,756,1147,2656,3,加算ポイント,"2019-08-05 12:41:52","2019-08-05 12:41:52"
656,1,,0,1148,2633,4,利用ポイント,"2019-08-05 15:45:43","2019-08-05 15:45:43"
657,1,,1080,1148,2633,3,加算ポイント,"2019-08-05 15:45:43","2019-08-05 15:45:43"
658,1,,0,1149,2668,4,利用ポイント,"2019-08-05 16:55:27","2019-08-05 16:55:27"
659,1,,756,1149,2668,3,加算ポイント,"2019-08-05 16:55:27","2019-08-05 16:55:27"
660,1,,0,1150,2656,4,利用ポイント,"2019-08-16 19:14:03","2019-08-16 19:14:03"
661,1,,864,1150,2656,3,加算ポイント,"2019-08-16 19:14:03","2019-08-16 19:14:03"
662,1,,0,1151,2656,4,利用ポイント,"2019-08-19 11:53:07","2019-08-19 11:53:07"
663,1,,486,1151,2656,3,加算ポイント,"2019-08-19 11:53:07","2019-08-19 11:53:07"
666,1,,0,1153,2656,4,利用ポイント,"2019-08-19 12:01:56","2019-08-19 12:01:56"
667,1,,108,1153,2656,3,加算ポイント,"2019-08-19 12:01:56","2019-08-19 12:01:56"
668,1,,0,1154,2633,4,利用ポイント,"2019-08-19 12:23:03","2019-08-19 12:23:03"
669,1,,756,1154,2633,3,加算ポイント,"2019-08-19 12:23:03","2019-08-19 12:23:03"
670,1,,0,1155,2633,4,利用ポイント,"2019-08-19 12:25:33","2019-08-19 12:25:33"
671,1,,432,1155,2633,3,加算ポイント,"2019-08-19 12:25:34","2019-08-19 12:25:34"
672,1,,0,1156,2668,4,利用ポイント,"2019-08-21 10:08:27","2019-08-21 10:08:27"
673,1,,270,1156,2668,3,加算ポイント,"2019-08-21 10:08:27","2019-08-21 10:08:27"
674,1,,0,1157,2668,4,利用ポイント,"2019-08-21 10:09:34","2019-08-21 10:09:34"
675,1,,270,1157,2668,3,加算ポイント,"2019-08-21 10:09:34","2019-08-21 10:09:34"
676,1,,0,1158,2669,4,利用ポイント,"2019-08-21 14:46:54","2019-08-21 14:46:54"
677,1,,486,1158,2669,3,加算ポイント,"2019-08-21 14:46:54","2019-08-21 14:46:54"
678,1,,0,1159,2669,4,利用ポイント,"2019-08-21 14:48:56","2019-08-21 14:48:56"
679,1,,486,1159,2669,3,加算ポイント,"2019-08-21 14:48:56","2019-08-21 14:48:56"
680,1,,0,1160,2656,4,利用ポイント,"2019-09-02 11:50:15","2019-09-02 11:50:15"
681,1,,98,1160,2656,3,加算ポイント,"2019-09-02 11:50:15","2019-09-02 11:50:15"
682,1,,0,1161,2633,4,利用ポイント,"2019-09-04 11:21:40","2019-09-04 11:21:40"
683,1,,378,1161,2633,3,加算ポイント,"2019-09-04 11:21:41","2019-09-04 11:21:41"
684,1,,0,1162,2670,4,利用ポイント,"2019-09-04 11:44:31","2019-09-04 11:44:31"
685,1,,432,1162,2670,3,加算ポイント,"2019-09-04 11:44:31","2019-09-04 11:44:31"
686,1,,0,1163,2670,4,利用ポイント,"2019-09-04 11:53:32","2019-09-04 11:53:32"
687,1,,108,1163,2670,3,加算ポイント,"2019-09-04 11:53:32","2019-09-04 11:53:32"
688,1,,0,1165,2670,4,利用ポイント,"2019-09-04 11:57:09","2019-09-04 11:57:09"
689,1,,378,1165,2670,3,加算ポイント,"2019-09-04 11:57:09","2019-09-04 11:57:09"
690,1,,0,1166,2670,4,利用ポイント,"2019-09-04 12:13:21","2019-09-04 12:13:21"
691,1,,108,1166,2670,3,加算ポイント,"2019-09-04 12:13:21","2019-09-04 12:13:21"
692,1,,0,1167,2633,4,利用ポイント,"2019-09-04 12:41:57","2019-09-04 12:41:57"
693,1,,486,1167,2633,3,加算ポイント,"2019-09-04 12:41:57","2019-09-04 12:41:57"
694,1,,0,1168,2633,4,利用ポイント,"2019-09-04 12:46:09","2019-09-04 12:46:09"
695,1,,648,1168,2633,3,加算ポイント,"2019-09-04 12:46:09","2019-09-04 12:46:09"
696,1,,0,1169,2656,4,利用ポイント,"2019-09-05 12:55:25","2019-09-05 12:55:25"
697,1,,694,1169,2656,3,加算ポイント,"2019-09-05 12:55:25","2019-09-05 12:55:25"
698,2,,0,1170,2657,4,利用ポイント,"2019-09-05 14:24:26","2019-09-05 14:24:26"
699,2,,542,1170,2657,3,加算ポイント,"2019-09-05 14:24:26","2019-09-05 14:24:26"
700,5,,0,1182,78,4,利用ポイント,"2019-09-12 13:57:55","2019-09-12 13:57:55"
701,5,,972,1182,78,3,加算ポイント,"2019-09-12 13:57:56","2019-09-12 13:57:56"
702,5,,0,1185,2656,4,利用ポイント,"2019-10-02 18:01:08","2019-10-02 18:01:08"
703,5,,1180,1185,2656,3,加算ポイント,"2019-10-02 18:01:08","2019-10-02 18:01:08"
704,5,,0,1187,2656,4,利用ポイント,"2019-10-03 10:18:20","2019-10-03 10:18:20"
705,5,,1180,1187,2656,3,加算ポイント,"2019-10-03 10:18:20","2019-10-03 10:18:20"
706,5,,0,1188,2656,4,利用ポイント,"2019-10-03 10:26:14","2019-10-03 10:26:14"
707,5,,1720,1188,2656,3,加算ポイント,"2019-10-03 10:26:14","2019-10-03 10:26:14"
708,5,,0,1189,2656,4,利用ポイント,"2019-10-03 10:28:58","2019-10-03 10:28:58"
709,5,,586,1189,2656,3,加算ポイント,"2019-10-03 10:28:58","2019-10-03 10:28:58"
710,5,,0,1190,2656,4,利用ポイント,"2019-10-03 10:32:52","2019-10-03 10:32:52"
711,5,,856,1190,2656,3,加算ポイント,"2019-10-03 10:32:52","2019-10-03 10:32:52"
712,5,,0,1191,2656,4,利用ポイント,"2019-10-03 10:43:21","2019-10-03 10:43:21"
713,5,,856,1191,2656,3,加算ポイント,"2019-10-03 10:43:21","2019-10-03 10:43:21"
714,5,,0,1192,2656,4,利用ポイント,"2019-10-03 10:47:59","2019-10-03 10:47:59"
715,5,,1080,1192,2656,3,加算ポイント,"2019-10-03 10:47:59","2019-10-03 10:47:59"
716,5,,0,1193,2656,4,利用ポイント,"2019-10-03 10:49:00","2019-10-03 10:49:00"
717,5,,586,1193,2656,3,加算ポイント,"2019-10-03 10:49:00","2019-10-03 10:49:00"
718,5,,0,1194,2656,4,利用ポイント,"2019-10-03 10:58:38","2019-10-03 10:58:38"
719,5,,1180,1194,2656,3,加算ポイント,"2019-10-03 10:58:38","2019-10-03 10:58:38"
720,5,,0,1196,2633,4,利用ポイント,"2019-12-18 14:17:47","2019-12-18 14:17:47"
721,5,,486,1196,2633,3,加算ポイント,"2019-12-18 14:17:47","2019-12-18 14:17:47"
722,5,,0,1205,2660,4,利用ポイント,"2020-02-17 18:45:41","2020-02-17 18:45:41"
723,5,,586,1205,2660,3,加算ポイント,"2020-02-17 18:45:41","2020-02-17 18:45:41"
724,5,,0,1207,2660,4,利用ポイント,"2020-04-14 10:26:15","2020-04-14 10:26:15"
725,5,,400,1207,2660,3,加算ポイント,"2020-04-14 10:26:15","2020-04-14 10:26:15"
726,5,,0,1209,2660,4,利用ポイント,"2020-04-14 10:37:11","2020-04-14 10:37:11"
727,5,,400,1209,2660,3,加算ポイント,"2020-04-14 10:37:11","2020-04-14 10:37:11"
728,5,,0,1215,2660,4,利用ポイント,"2020-06-12 14:40:39","2020-06-12 14:40:39"
729,5,,700,1215,2660,3,加算ポイント,"2020-06-12 14:40:39","2020-06-12 14:40:39"
730,5,,0,1217,2660,4,利用ポイント,"2020-06-12 16:25:54","2020-06-12 16:25:54"
731,5,,300,1217,2660,3,加算ポイント,"2020-06-12 16:25:54","2020-06-12 16:25:54"
732,5,,0,1223,2369,3,加算ポイント(受注内容変更),"2020-06-18 10:37:42","2020-06-18 10:37:42"
733,5,,0,1225,2669,4,利用ポイント,"2020-06-19 10:09:35","2020-06-19 10:09:35"
734,5,,300,1225,2669,3,加算ポイント,"2020-06-19 10:09:35","2020-06-19 10:09:35"
735,5,,0,1226,2669,4,利用ポイント,"2020-06-19 10:25:01","2020-06-19 10:25:01"
736,5,,2052,1226,2669,3,加算ポイント,"2020-06-19 10:25:01","2020-06-19 10:25:01"
737,5,,0,1229,2660,4,利用ポイント,"2020-07-02 17:56:04","2020-07-02 17:56:04"
738,5,,650,1229,2660,3,加算ポイント,"2020-07-02 17:56:04","2020-07-02 17:56:04"
739,5,,0,1232,2660,4,利用ポイント,"2020-07-02 18:34:05","2020-07-02 18:34:05"
740,5,,434,1232,2660,3,加算ポイント,"2020-07-02 18:34:05","2020-07-02 18:34:05"
741,5,,0,1234,2660,4,利用ポイント,"2020-07-07 13:54:05","2020-07-07 13:54:05"
742,5,,758,1234,2660,3,加算ポイント,"2020-07-07 13:54:05","2020-07-07 13:54:05"
743,5,,0,1235,2660,4,利用ポイント,"2020-07-07 14:09:45","2020-07-07 14:09:45"
744,5,,1110,1235,2660,3,加算ポイント,"2020-07-07 14:09:45","2020-07-07 14:09:45"
745,5,,0,1241,2668,4,利用ポイント,"2021-03-12 16:55:33","2021-03-12 16:55:33"
746,5,,1080,1241,2668,3,加算ポイント,"2021-03-12 16:55:33","2021-03-12 16:55:33"
747,5,,0,1243,2633,4,利用ポイント,"2021-03-30 10:40:16","2021-03-30 10:40:16"
748,5,,540,1243,2633,3,加算ポイント,"2021-03-30 10:40:16","2021-03-30 10:40:16"
749,5,,0,1244,2633,4,利用ポイント,"2021-03-30 14:28:13","2021-03-30 14:28:13"
750,5,,300,1244,2633,3,加算ポイント,"2021-03-30 14:28:13","2021-03-30 14:28:13"
751,5,,0,1245,2633,4,利用ポイント,"2021-03-30 18:28:59","2021-03-30 18:28:59"
752,5,,410,1245,2633,3,加算ポイント,"2021-03-30 18:28:59","2021-03-30 18:28:59"
753,5,,0,1248,2668,3,加算ポイント(受注内容変更),"2021-04-06 16:08:05","2021-04-06 16:08:05"
754,5,,0,1249,2669,4,利用ポイント,"2021-04-27 14:05:17","2021-04-27 14:05:17"
755,5,,410,1249,2669,3,加算ポイント,"2021-04-27 14:05:17","2021-04-27 14:05:17"
756,5,,0,1253,2633,4,利用ポイント,"2021-05-25 17:44:27","2021-05-25 17:44:27"
757,5,,270,1253,2633,3,加算ポイント,"2021-05-25 17:44:27","2021-05-25 17:44:27"
758,5,,0,1252,2633,4,利用ポイント,"2021-05-25 17:49:39","2021-05-25 17:49:39"
759,5,,270,1252,2633,3,加算ポイント,"2021-05-25 17:49:39","2021-05-25 17:49:39"
760,5,,0,1254,2633,4,利用ポイント,"2021-05-27 10:15:28","2021-05-27 10:15:28"
761,5,,326,1254,2633,3,加算ポイント,"2021-05-27 10:15:28","2021-05-27 10:15:28"
762,5,,0,1255,2633,4,利用ポイント,"2021-05-27 10:16:56","2021-05-27 10:16:56"
763,5,,326,1255,2633,3,加算ポイント,"2021-05-27 10:16:56","2021-05-27 10:16:56"
764,5,,0,1256,2633,4,利用ポイント,"2021-05-27 11:19:06","2021-05-27 11:19:06"
765,5,,216,1256,2633,3,加算ポイント,"2021-05-27 11:19:06","2021-05-27 11:19:06"
766,5,,0,1265,2671,4,利用ポイント,"2021-05-28 16:36:56","2021-05-28 16:36:56"
767,5,,500,1265,2671,3,加算ポイント,"2021-05-28 16:36:56","2021-05-28 16:36:56"
768,5,,0,1276,2633,4,利用ポイント,"2021-07-12 16:17:21","2021-07-12 16:17:21"
769,5,,434,1276,2633,3,加算ポイント,"2021-07-12 16:17:21","2021-07-12 16:17:21"
770,5,,0,1287,2673,4,利用ポイント,"2021-08-27 13:22:07","2021-08-27 13:22:07"
771,5,,542,1287,2673,3,加算ポイント,"2021-08-27 13:22:07","2021-08-27 13:22:07"
772,5,,0,1288,2673,4,利用ポイント,"2021-08-27 13:36:52","2021-08-27 13:36:52"
773,5,,542,1288,2673,3,加算ポイント,"2021-08-27 13:36:52","2021-08-27 13:36:52"
774,5,,0,1289,2673,4,利用ポイント,"2021-08-27 15:36:59","2021-08-27 15:36:59"
775,5,,542,1289,2673,3,加算ポイント,"2021-08-27 15:36:59","2021-08-27 15:36:59"
776,5,,0,1291,2673,4,利用ポイント,"2021-08-27 15:49:45","2021-08-27 15:49:45"
777,5,,1110,1291,2673,3,加算ポイント,"2021-08-27 15:49:45","2021-08-27 15:49:45"
778,5,,0,1293,2673,4,利用ポイント,"2021-08-27 15:58:30","2021-08-27 15:58:30"
779,5,,378,1293,2673,3,加算ポイント,"2021-08-27 15:58:30","2021-08-27 15:58:30"
780,5,,0,1294,2673,4,利用ポイント,"2021-08-27 16:28:08","2021-08-27 16:28:08"
781,5,,611,1294,2673,3,加算ポイント,"2021-08-27 16:28:08","2021-08-27 16:28:08"
782,5,,0,1295,2673,4,利用ポイント,"2021-08-27 16:32:11","2021-08-27 16:32:11"
783,5,,150,1295,2673,3,加算ポイント,"2021-08-27 16:32:11","2021-08-27 16:32:11"
784,5,,0,1325,2633,4,利用ポイント,"2021-10-05 17:09:23","2021-10-05 17:09:23"
785,5,,380,1325,2633,3,加算ポイント,"2021-10-05 17:09:23","2021-10-05 17:09:23"
786,5,,0,1338,2633,4,利用ポイント,"2021-11-02 13:52:30","2021-11-02 13:52:30"
787,5,,200,1338,2633,3,加算ポイント,"2021-11-02 13:52:30","2021-11-02 13:52:30"
788,5,,0,1341,2657,4,利用ポイント,"2021-11-12 13:04:00","2021-11-12 13:04:00"
789,5,,310,1341,2657,3,加算ポイント,"2021-11-12 13:04:00","2021-11-12 13:04:00"
790,5,,0,1350,2657,4,利用ポイント,"2021-11-29 19:04:07","2021-11-29 19:04:07"
791,5,,410,1350,2657,3,加算ポイント,"2021-11-29 19:04:07","2021-11-29 19:04:07"
792,5,,0,1351,2669,4,利用ポイント,"2021-12-01 11:18:12","2021-12-01 11:18:12"
793,5,,542,1351,2669,3,加算ポイント,"2021-12-01 11:18:12","2021-12-01 11:18:12"
794,5,,0,1352,2669,4,利用ポイント,"2021-12-01 11:27:07","2021-12-01 11:27:07"
795,5,,542,1352,2669,3,加算ポイント,"2021-12-01 11:27:07","2021-12-01 11:27:07"
796,5,,0,1362,2690,4,利用ポイント,"2022-03-18 13:02:08","2022-03-18 13:02:08"
797,5,,756,1362,2690,3,加算ポイント,"2022-03-18 13:02:08","2022-03-18 13:02:08"
798,8,,-100,1377,2657,5,仮利用ポイント,"2023-03-31 21:06:13","2023-03-31 21:06:13"
799,8,,-100,1377,2657,4,利用ポイント,"2023-03-31 23:35:42","2023-03-31 23:35:42"
800,8,,0,1377,2657,3,加算ポイント,"2023-03-31 23:35:42","2023-03-31 23:35:42"
801,8,,-1000,1378,2657,5,仮利用ポイント,"2023-03-31 23:38:53","2023-03-31 23:38:53"
802,8,,-500,1378,2657,5,仮利用ポイント,"2023-03-31 23:39:19","2023-03-31 23:39:19"
803,8,,-500,1378,2657,4,利用ポイント,"2023-03-31 23:40:10","2023-03-31 23:40:10"
804,8,,0,1378,2657,3,加算ポイント,"2023-03-31 23:40:10","2023-03-31 23:40:10"
805,8,,-758,1379,2657,5,仮利用ポイント,"2023-04-01 00:02:46","2023-04-01 00:02:46"
806,8,,-758,1379,2657,4,利用ポイント,"2023-04-01 00:03:45","2023-04-01 00:03:45"
807,8,,0,1379,2657,3,加算ポイント,"2023-04-01 00:03:45","2023-04-01 00:03:45"
808,10,,0,1382,2668,4,利用ポイント,"2023-07-17 11:44:00","2023-07-17 11:44:00"
809,10,,0,1382,2668,3,加算ポイント,"2023-07-17 11:44:00","2023-07-17 11:44:00"
