item_id,order_id,product_id,product_class_id,shipping_id,product_name,product_code,class_name1,class_name2,class_category_name1,class_category_name2,price,quantity
1,1,2273,2279,1,振袖[ピンク地にぼたんの花],y-fr440,,,,,37800,1
2,2,2273,2279,2,振袖[ピンク地にぼたんの花],y-fr440,,,,,37800,1
3,3,2273,2279,3,振袖[ピンク地にぼたんの花],y-fr440,,,,,37800,1
4,4,2273,2279,4,振袖[ピンク地にぼたんの花],y-fr440,,,,,37800,1
5,5,2283,1725,5,振袖[紺地に四季の草花],y-fr450,,,,,59400,1
6,5,2272,2190,5,振袖[薄グレー地に黒のぼかしに桜],y-fr439,,,,,37800,1
7,6,2283,1725,6,振袖[紺地に四季の草花],y-fr450,,,,,59400,1
8,7,2272,2190,7,振袖[薄グレー地に黒のぼかしに桜],y-fr439,,,,,37800,1
9,8,2911,754,8,お宮参り☆女の子祝い着,y-om519,,,,,10800,1
10,9,2273,2279,9,振袖[ピンク地にぼたんの花],y-fr440,,,,,37800,1
11,10,2911,754,10,お宮参り☆女の子祝い着,y-om519,,,,,10800,1
12,11,2131,1417,11,"ジュニアの振袖 <十三参り♪>　",y-13s508,,,,,27000,1
13,12,2273,2279,12,振袖[ピンク地にぼたんの花],y-fr440,,,,,37800,1
14,13,153,2481,13,振袖,g-fr148,,,,,37800,1
15,13,1750,655,13,黒留袖(文箱・鶴),s-kt021,,,,,27000,1
16,14,820,3392,14,振袖(ピンク地・花),i-fr334,,,,,37800,1
17,15,2273,2279,15,振袖[ピンク地にぼたんの花],y-fr440,,,,,37800,1
18,16,943,3378,16,訪問着(焦茶地・板締め絞り),i-hm345,,,,,16200,1
19,17,1694,1497,17,色留袖(グレー・扇面),s-it012,,,,,27000,1
20,18,2272,2190,18,振袖[薄グレー地に黒のぼかしに桜],y-fr439,,,,,37800,1
21,19,2272,2190,19,振袖[薄グレー地に黒のぼかしに桜],y-fr439,,,,,37800,1
22,20,1064,3441,20,黒留袖(鶴に琳水文),i-kt326,,,,,32400,1
23,21,2273,2279,21,振袖[ピンク地にぼたんの花],y-fr440,,,,,37800,1
24,22,2520,1901,22,"黒留袖〔大名行列に地紙扇面の袋帯 〕",y-kt420,,,,,27000,1
25,23,2520,1901,23,"黒留袖〔大名行列に地紙扇面の袋帯 〕",y-kt420,,,,,27000,1
26,24,2520,1901,24,"黒留袖〔大名行列に地紙扇面の袋帯 〕",y-kt420,,,,,27000,1
27,24,2911,754,24,お宮参り☆女の子祝い着,y-om519,,,,,10800,1
28,24,1694,1497,24,色留袖(グレー・扇面),s-it012,,,,,27000,1
29,25,2520,1901,25,"黒留袖〔大名行列に地紙扇面の袋帯 〕",y-kt420,,,,,27000,1
30,26,559,2820,26,おしゃれ紬,g-tm123,,,,,16200,1
31,27,991,3498,27,色留袖(ピンクベージュ地・唐花),i-it314,,,,,27000,1
32,28,991,3498,28,色留袖(ピンクベージュ地・唐花),i-it314,,,,,27000,1
33,28,988,3458,28,色留袖(灰色地・梅),i-it311,,,,,27000,1
34,29,559,2820,29,おしゃれ紬,g-tm123,,,,,16200,1
35,29,3450,3183,29,カジュアル小紋(ポリ),g-km064,,,,,9720,1
36,30,991,3498,30,色留袖(ピンクベージュ地・唐花),i-it314,,,,,27000,1
37,30,988,3458,30,色留袖(灰色地・梅),i-it311,,,,,27000,1
38,30,2273,2279,30,振袖[ピンク地にぼたんの花],y-fr440,,,,,37800,1
39,31,2273,2279,31,振袖[ピンク地にぼたんの花],y-fr440,,,,,37800,1
40,32,2273,2279,32,振袖[ピンク地にぼたんの花],y-fr440,,,,,37800,1
41,33,2520,1901,33,"黒留袖〔大名行列に地紙扇面の袋帯 〕",y-kt420,,,,,27000,1
42,34,2273,2279,34,振袖[ピンク地にぼたんの花],y-fr440,,,,,37800,1
43,35,2273,2279,35,振袖[ピンク地にぼたんの花],y-fr440,,,,,37800,1
44,36,2273,2279,36,振袖[ピンク地にぼたんの花],y-fr440,,,,,37800,1
45,37,2273,2279,37,振袖[ピンク地にぼたんの花],y-fr440,,,,,37800,1
46,37,3451,3619,37,安心パック,secure_pack,,,,,1080,1
47,38,2273,2279,38,振袖[ピンク地にぼたんの花],y-fr440,,,,,37800,1
48,38,3451,3619,38,安心パック,secure_pack,,,,,1080,1
49,39,2273,2279,39,振袖[ピンク地にぼたんの花],y-fr440,,,,,37800,1
50,39,3451,3619,39,安心パック,secure_pack,,,,,1080,1
51,40,2273,2279,40,振袖[ピンク地にぼたんの花],y-fr440,,,,,37800,1
52,40,3451,3619,40,安心パック,secure_pack,,,,,1080,1
53,41,2272,2190,41,振袖[薄グレー地に黒のぼかしに桜],y-fr439,,,,,37800,1
54,41,3451,3619,41,安心パック,secure_pack,,,,,1080,1
55,42,2272,2190,42,振袖[薄グレー地に黒のぼかしに桜],y-fr439,,,,,37800,1
56,42,3451,3619,42,安心パック,secure_pack,,,,,1080,1
58,44,2273,2279,44,振袖[ピンク地にぼたんの花],y-fr440,,,,,37800,1
59,45,2520,1901,45,"黒留袖〔大名行列に地紙扇面の袋帯 〕",y-kt420,,,,,27000,1
60,46,2272,2190,46,振袖[薄グレー地に黒のぼかしに桜],y-fr439,,,,,37800,1
61,46,3451,3619,46,安心パック,secure_pack,,,,,1080,1
62,47,825,3395,47,振袖(白に黒ぼかし地・赤の花),i-fr342,,,,,37800,1
63,47,3451,3619,47,安心パック,secure_pack,,,,,1080,1
64,48,3329,3110,48,ゆかた(日本の伝統美・アジサイ),y-yw467,,,,,5400,1
65,48,3451,3619,48,安心パック,secure_pack,,,,,1080,1
66,49,862,3505,49,"引き着 (グレー地・鳳凰に花)",i-hg304,,,,,59400,1
67,49,3451,3619,49,安心パック,secure_pack,,,,,1080,1
68,50,862,3505,50,"引き着 (グレー地・鳳凰に花)",i-hg304,,,,,59400,1
69,50,3451,3619,50,安心パック,secure_pack,,,,,1080,1
70,51,825,3395,51,振袖(白に黒ぼかし地・赤の花),i-fr342,,,,,37800,1
71,51,3451,3619,51,安心パック,secure_pack,,,,,1080,1
72,52,2914,2381,52,紬アンサンブル(紺絣),y-ms503,,,,,27000,1
73,53,2307,2176,53,振袖[黒地に大輪の牡丹],y-fr474,,,,,43200,1
74,54,2307,2176,54,振袖[黒地に大輪の牡丹],y-fr474,,,,,43200,1
75,55,3024,2799,55,【小学六年生用】卒業袴,g-hkj138,,,,,21600,1
76,55,3451,3619,55,安心パック,secure_pack,,,,,1080,1
77,56,2463,977,56,色無地(濃いピンク地に地紋),y-im410,,,,,21600,1
78,57,3113,460,57,訪問着,g-hm230,,,,,21600,1
79,57,3451,3619,57,安心パック,secure_pack,,,,,1080,1
80,58,1223,3304,58,ゆかた(白地・紺の格子、張り子の虎),i-ym319,,,,,5400,1
81,59,2962,2037,59,振袖(黒地・糸菊),s-fr128,,,,,48600,1
82,59,3451,3619,59,安心パック,secure_pack,,,,,1080,1
83,60,402,967,60,男物,g-ms122,,,,,21600,1
84,60,3451,3619,60,安心パック,secure_pack,,,,,1080,1
85,61,2962,2037,61,振袖(黒地・糸菊),s-fr128,,,,,48600,1
86,61,3451,3619,61,安心パック,secure_pack,,,,,1080,1
87,62,586,649,62,ゆかた(男物),g-ym125,,,,,5400,1
88,62,3451,3619,62,安心パック,secure_pack,,,,,1080,1
89,63,3122,576,63,訪問着,g-hm247,,,,,21600,1
90,64,2520,1901,64,"黒留袖〔大名行列に地紙扇面の袋帯 〕",y-kt420,,,,,27000,1
91,64,3323,3152,64,浴衣(赤・ひまわり),s-yw271,,,,,5400,1
92,65,3122,576,65,訪問着,g-hm247,,,,,21600,1
93,66,1064,3441,66,黒留袖(鶴に琳水文),i-kt326,,,,,32400,1
94,66,3263,2245,66,ゆかた,i-ym367,,,,,8640,1
95,66,3451,3619,66,安心パック,secure_pack,,,,,1080,1
96,67,3014,2762,67,【特選】訪問着,g-hm402,,,,,75600,1
97,68,824,3394,68,振袖(緑地・大胆な孔雀の羽),i-fr339,,,,,43200,1
98,68,3451,3619,68,安心パック,secure_pack,,,,,1080,1
99,69,3089,328,69,色留袖,g-it128,,,,,32400,1
100,69,3451,3619,69,安心パック,secure_pack,,,,,1080,2
101,69,3389,3142,69,浴衣(浜松織物・あやめ),s-yw277,,,,,8640,1
102,70,824,3394,70,振袖(緑地・大胆な孔雀の羽),i-fr339,,,,,43200,1
103,70,3451,3619,70,安心パック,secure_pack,,,,,1080,1
104,71,153,2481,71,振袖,g-fr148,,,,,37800,1
105,72,547,931,72,モダン(紬),g-tm111,,,,,27000,1
106,72,3321,3102,72,浴衣(水色・さくら),s-yw269,,,,,5400,1
107,73,863,3506,73,"引き着 (小豆色地・松と梅)",i-hg305,,,,,81000,1
108,73,3258,2259,73,ゆかた,i-ym372,,,,,8640,1
109,74,665,2946,74,カジュアル着物(ゆかた)　6月〜9月まで,g-yw158,,,,,13500,1
110,75,665,2946,75,カジュアル着物(ゆかた)　6月〜9月まで,g-yw158,,,,,13500,1
111,76,3122,576,76,訪問着,g-hm247,,,,,21600,1
112,76,3451,3619,76,安心パック,secure_pack,,,,,1080,1
113,76,3261,2249,76,ゆかた,i-ym369,,,,,8640,1
114,77,3405,3134,77,浴衣(unsodo・帯VIVI),s-yw292,,,,,12960,1
115,77,3451,3619,77,安心パック,secure_pack,,,,,1080,1
116,78,2218,1121,78,"喪服　江戸小紋+黒喪帯 [軽い略礼装(袷) ]",y-az405,,,,,21600,1
117,78,3451,3619,78,安心パック,secure_pack,,,,,1080,1
118,79,3405,3134,79,浴衣(unsodo・帯VIVI),s-yw292,,,,,12960,1
119,79,3451,3619,79,安心パック,secure_pack,,,,,1080,1
120,80,1119,3544,80,ひとえ_小紋(薄紫地・洋花),i-nh342,,,,,8640,1
121,80,1190,3602,80,夏物_小紋(グリーン地・唐草),i-nr361,,,,,8640,1
122,81,3322,3095,81,浴衣(藍染・なでしこ),s-yw270,,,,,5400,1
123,81,3451,3619,81,安心パック,secure_pack,,,,,1080,2
124,81,3389,3142,81,浴衣(浜松織物・あやめ),s-yw277,,,,,8640,1
125,82,2962,2037,82,振袖(黒地・糸菊),s-fr128,,,,,48600,1
126,82,3329,3110,82,ゆかた(日本の伝統美・アジサイ),y-yw467,,,,,5400,1
127,83,3311,3061,83,ゆかた,g-yw316,,,,,10800,1
128,83,3451,3619,83,安心パック,secure_pack,,,,,1080,1
129,84,2216,1119,84,"喪服　江戸小紋+黒喪帯 [軽い略礼装(袷) ]",y-az403,,,,,21600,1
130,85,2272,2190,85,振袖[薄グレー地に黒のぼかしに桜],y-fr439,,,,,37800,1
131,85,3329,3110,85,ゆかた(日本の伝統美・アジサイ),y-yw467,,,,,5400,1
132,86,3311,3061,86,ゆかた,g-yw316,,,,,10800,1
133,86,3451,3619,86,安心パック,secure_pack,,,,,1080,2
134,86,527,2449,86,夏物(小紋ポリ),g-nr155,,,,,9720,1
135,87,623,3113,87,ゆかた,g-yw114,,,,,5400,1
136,87,3451,3619,87,安心パック,secure_pack,,,,,1080,1
137,87,3257,2234,87,ゆかた,i-ym374,,,,,8640,1
138,88,623,3113,88,ゆかた,g-yw114,,,,,5400,1
139,88,3451,3619,88,安心パック,secure_pack,,,,,1080,1
140,88,3257,2234,88,ゆかた,i-ym374,,,,,8640,1
141,89,2963,2014,89,振袖(ぼたん・桜),s-fr129,,,,,48600,1
142,89,3451,3619,89,安心パック,secure_pack,,,,,1080,2
143,89,3328,3123,89,ゆかた(日本の伝統美・竹),y-yw466,,,,,5400,1
144,90,2214,1117,90,"喪服[ 偲ぶ…　。 ]  「心」を装いで表現",y-az401,,,,,21600,1
145,90,3451,3619,90,安心パック,secure_pack,,,,,1080,1
146,91,3118,522,91,訪問着,g-hm242,,,,,21600,1
147,91,3329,3110,91,ゆかた(日本の伝統美・アジサイ),y-yw467,,,,,5400,1
148,91,3451,3619,91,安心パック,secure_pack,,,,,1080,1
149,92,2289,2155,92,振袖[山吹色地に伝統文様],y-fr456,,,,,43200,1
150,92,3451,3619,92,安心パック,secure_pack,,,,,1080,1
151,92,3327,3136,92,浴衣(桃色・花),s-yw275,,,,,5400,1
152,93,2935,2548,93,訪問着,g-hm309,,,,,32400,1
153,94,2961,2039,94,振袖(こげ茶・ぼたん),s-fr127,,,,,48600,1
154,94,3324,3153,94,浴衣(黄色・桜),s-yw272,,,,,5400,1
155,95,276,2651,95,色無地,g-im106,,,,,21600,1
156,95,3451,3619,95,安心パック,secure_pack,,,,,1080,1
157,96,3174,3011,96,カジュアル☆男物(LL)　茶,y-ms557,,,,,10800,1
158,97,137,2504,97,振袖,g-fr120,,,,,37800,1
159,97,3328,3123,97,ゆかた(日本の伝統美・竹),y-yw466,,,,,5400,1
160,98,3320,3101,98,浴衣(赤・花),s-yw268,,,,,5400,1
161,98,2959,2028,98,振袖(水色・ぼたん),s-fr125,,,,,48600,1
162,99,2972,940,99,男物,g-ms136,,,,,9800,1
163,99,3451,3619,99,安心パック,secure_pack,,,,,1080,1
164,100,3122,576,100,訪問着,g-hm247,,,,,21600,1
165,100,3451,3619,100,安心パック,secure_pack,,,,,1080,1
166,101,2558,1696,101,袴(男性用),y-ms413,,,,,43200,1
167,102,2960,2013,102,振袖(ピンク・バラ),s-fr126,,,,,48600,1
168,102,3329,3110,102,ゆかた(日本の伝統美・アジサイ),y-yw467,,,,,5400,1
169,102,3451,3619,102,安心パック,secure_pack,,,,,1080,1
170,103,2558,1696,103,袴(男性用),y-ms413,,,,,43200,1
171,103,3451,3619,103,安心パック,secure_pack,,,,,1080,1
172,104,533,2405,104,夏物(小紋ポリ),g-nr161,,,,,10800,1
173,105,3329,3110,105,ゆかた(日本の伝統美・アジサイ),y-yw467,,,,,5400,1
174,105,1260,3318,105,ゆかた(スカイブルー地・なでしこ),i-yw323,,,,,5400,1
175,106,2719,1174,106,"[ 男の浴衣　3Lサイズ ]　180cm〜185cmの方",y-ym455,,,,,8640,1
176,106,3451,3619,106,安心パック,secure_pack,,,,,1080,1
177,107,2222,1124,107,"黒喪服+色喪帯 [重い略礼装(袷) ]",y-az409,,,,,27000,1
178,107,3173,2317,107,カジュアル☆男物(LL)　ベージュ,y-ms556,,,,,10800,1
179,108,2222,1124,108,"黒喪服+色喪帯 [重い略礼装(袷) ]",y-az409,,,,,27000,1
180,108,3173,2317,108,カジュアル☆男物(LL)　ベージュ,y-ms556,,,,,10800,1
181,109,2459,992,109,色無地(モスグリーンの地に地紋),y-im406,,,,,27000,1
182,109,3451,3619,109,安心パック,secure_pack,,,,,1080,1
183,110,2459,992,110,色無地(モスグリーンの地に地紋),y-im406,,,,,27000,1
184,110,3451,3619,110,安心パック,secure_pack,,,,,1080,1
185,110,3321,3102,110,浴衣(水色・さくら),s-yw269,,,,,5400,1
186,111,667,2969,111,カジュアル着物(ゆかた)　6月〜9月まで,g-yw160,,,,,13500,1
187,111,3328,3123,111,ゆかた(日本の伝統美・竹),y-yw466,,,,,5400,1
188,111,3404,3149,111,浴衣(玉城ティナ・キスミス),s-yw290,,,,,12960,1
189,112,2961,2039,112,振袖(こげ茶・ぼたん),s-fr127,,,,,48600,1
190,112,3451,3619,112,安心パック,secure_pack,,,,,1080,1
191,113,2882,2951,113,紋付袴(白地ナス紺ボカシ紋付・黒地に金の龍の柄入りの袴),i-ms314,,,,,43200,1
192,113,585,1391,113,ゆかた(男物),g-ym124,,,,,5400,1
193,114,2961,2039,114,振袖(こげ茶・ぼたん),s-fr127,,,,,48600,1
194,114,3451,3619,114,安心パック,secure_pack,,,,,1080,2
195,114,1119,3544,114,ひとえ_小紋(薄紫地・洋花),i-nh342,,,,,8640,1
196,115,667,2969,115,カジュアル着物(ゆかた)　6月〜9月まで,g-yw160,,,,,13500,1
197,115,3451,3619,115,安心パック,secure_pack,,,,,1080,2
198,115,3404,3149,115,浴衣(玉城ティナ・キスミス),s-yw290,,,,,12960,1
199,116,2962,2037,116,振袖(黒地・糸菊),s-fr128,,,,,48600,1
200,116,3451,3619,116,安心パック,secure_pack,,,,,1080,1
201,117,2962,2037,117,振袖(黒地・糸菊),s-fr128,,,,,48600,1
202,117,3451,3619,117,安心パック,secure_pack,,,,,1080,2
203,117,3328,3123,117,ゆかた(日本の伝統美・竹),y-yw466,,,,,5400,1
204,118,2289,2155,118,振袖[山吹色地に伝統文様],y-fr456,,,,,43200,1
205,118,3451,3619,118,安心パック,secure_pack,,,,,1080,1
206,118,446,956,118,ひとえ_小紋_【カジュアル】,g-nhk003,,,,,9720,1
207,119,3445,3188,119,カジュアル小紋(ポリ),g-km058,,,,,9720,1
208,119,3451,3619,119,安心パック,secure_pack,,,,,1080,1
209,120,3402,3164,120,浴衣(玉城ティナ・キスミス),s-yw280,,,,,12960,1
210,120,3451,3619,120,安心パック,secure_pack,,,,,1080,2
211,120,3401,3146,120,浴衣(ツモリチサト・菱つなぎ),s-yw291,,,,,10800,1
212,121,3451,3619,121,安心パック,secure_pack,,,,,1080,1
213,121,153,2481,121,振袖,g-fr148,,,,,37800,1
214,122,2886,2530,122,卒業袴(ひとつづつ自分で選ぶコーナー),y-hk426,,,,,36720,1
215,122,3451,3619,122,安心パック,secure_pack,,,,,1080,1
216,123,667,2969,123,カジュアル着物(ゆかた)　6月〜9月まで,g-yw160,,,,,13500,1
217,123,3320,3101,123,浴衣(赤・花),s-yw268,,,,,5400,1
218,124,2465,582,124,色無地(薄あずき色の地に地紋),y-im412,,,,,21600,1
219,125,277,2657,125,色無地,g-im107,,,,,21600,1
220,125,3451,3619,125,安心パック,secure_pack,,,,,1080,1
221,126,2464,955,126,色無地(深みどりの地に花紋),y-im411,,,,,21600,1
222,127,282,2654,127,色無地,g-im112,,,,,21600,1
223,127,2460,976,127,色無地(明るい赤紫の地に地紋),y-im407,,,,,21600,1
224,127,3451,3619,127,安心パック,secure_pack,,,,,1080,1
225,128,2272,2190,128,振袖[薄グレー地に黒のぼかしに桜],y-fr439,,,,,37800,1
226,128,3451,3619,128,安心パック,secure_pack,,,,,1080,1
227,129,2974,963,129,男物,g-ms138,,,,,9800,1
228,130,859,3502,130,"引き着 (黒地・菊と松)",i-hg301,,,,,70200,1
229,131,3177,3015,131,カジュアル☆男物(LL)　黒,y-ms560,,,,,10800,1
230,131,3451,3619,131,安心パック,secure_pack,,,,,1080,1
231,132,2963,2014,132,振袖(ぼたん・桜),s-fr129,,,,,48600,1
232,132,2921,3078,132,紬アンサンブル(紺無地),y-ms510,,,,,27000,1
233,132,3451,3619,132,安心パック,secure_pack,,,,,1080,1
234,133,819,779,133,振袖(黒地・ピンクと白の花),i-fr333,,,,,37800,1
235,133,3451,3619,133,安心パック,secure_pack,,,,,1080,1
236,134,819,779,134,振袖(黒地・ピンクと白の花),i-fr333,,,,,37800,1
237,134,3451,3619,134,安心パック,secure_pack,,,,,1080,2
238,134,2954,2019,134,振袖(ボルドー・桜),s-fr120,,,,,48600,1
239,135,2272,2190,135,振袖[薄グレー地に黒のぼかしに桜],y-fr439,,,,,37800,1
240,136,2520,1901,136,"黒留袖〔大名行列に地紙扇面の袋帯 〕",y-kt420,,,,,27000,1
241,137,825,3395,137,振袖(白に黒ぼかし地・赤の花),i-fr342,,,,,37800,1
242,137,3451,3619,137,安心パック,secure_pack,,,,,1080,1
243,138,1750,655,138,黒留袖(文箱・鶴),s-kt021,,,,,27000,1
244,139,3316,3066,139,ゆかた,g-yw320,,,,,10800,1
245,140,2518,660,140,"黒留袖〔秋草模様にかずら紐 〕",y-kt418,,,,,32400,1
246,140,3451,3619,140,安心パック,secure_pack,,,,,1080,1
247,141,2289,2155,141,振袖[山吹色地に伝統文様],y-fr456,,,,,43200,1
248,141,1063,3440,141,黒留袖(大輪の菊),i-kt325,,,,,27000,1
249,141,3022,2792,141,【小学六年生用】卒業袴,g-hkj136,,,,,21600,1
250,141,3451,3619,141,安心パック,secure_pack,,,,,1080,1
251,142,1054,415,142,黒留袖(松をアレンジ),i-kt316,,,,,32400,1
252,142,3451,3619,142,安心パック,secure_pack,,,,,1080,1
253,142,3239,3285,142,ゆかた,i-yw446,,,,,8640,1
254,143,3239,3285,143,ゆかた,i-yw446,,,,,8640,1
255,143,665,2946,143,カジュアル着物(ゆかた)　6月〜9月まで,g-yw158,,,,,13500,1
256,144,2273,2279,144,振袖[ピンク地にぼたんの花],y-fr440,,,,,37800,1
257,144,3451,3619,144,安心パック,secure_pack,,,,,1080,1
258,145,2464,955,145,色無地(深みどりの地に花紋),y-im411,,,,,21600,1
259,146,3024,2799,146,【小学六年生用】卒業袴,g-hkj138,,,,,21600,1
260,146,3451,3619,146,安心パック,secure_pack,,,,,1080,1
261,147,2817,2635,147,五歳祝い着セット,g-5s009,,,,,16200,1
262,148,825,3395,148,振袖(白に黒ぼかし地・赤の花),i-fr342,,,,,37800,1
263,148,3451,3619,148,安心パック,secure_pack,,,,,1080,2
264,148,2963,2014,148,振袖(ぼたん・桜),s-fr129,,,,,48600,1
265,149,3451,3619,149,安心パック,secure_pack,,,,,1080,1
266,149,2963,2014,149,振袖(ぼたん・桜),s-fr129,,,,,48600,1
267,150,942,3377,150,訪問着(グレー地・更紗模様),i-hm343,,,,,21600,1
268,150,3451,3619,150,安心パック,secure_pack,,,,,1080,1
269,151,2273,2279,151,振袖[ピンク地にぼたんの花],y-fr440,,,,,37800,1
270,152,1750,655,152,黒留袖(文箱・鶴),s-kt021,,,,,27000,1
271,152,3451,3619,152,安心パック,secure_pack,,,,,1080,1
272,152,2909,2223,152,お宮参り☆女の子祝い着,y-om517,,,,,10800,1
273,153,942,3377,153,訪問着(グレー地・更紗模様),i-hm343,,,,,21600,1
274,154,988,3458,154,色留袖(灰色地・梅),i-it311,,,,,27000,1
275,155,988,3458,155,色留袖(灰色地・梅),i-it311,,,,,27000,1
276,156,988,3458,156,色留袖(灰色地・梅),i-it311,,,,,27000,1
277,157,1058,3435,157,黒留袖(刺繍の宝相華),i-kt320,,,,,32400,1
278,158,2273,2279,158,振袖[ピンク地にぼたんの花],y-fr440,,,,,37800,1
280,159,2218,1121,159,"喪服　江戸小紋+黒喪帯 [軽い略礼装(袷) ]",y-az405,,,,,21600,1
281,160,2273,2279,160,振袖[ピンク地にぼたんの花],y-fr440,,,,,37800,1
282,161,2273,2279,161,振袖[ピンク地にぼたんの花],y-fr440,,,,,37800,1
283,162,2273,2279,162,振袖[ピンク地にぼたんの花],y-fr440,,,,,37800,1
284,163,499,2435,163,夏物(クリーム地),g-nr127,,,,,59400,1
285,164,2957,2010,164,振袖(白地・バラ),s-fr123,,,,,48600,1
286,164,3451,3619,164,安心パック,secure_pack,,,,,1080,1
287,165,2958,2287,165,振袖(黄色・ぼたん),s-fr124,,,,,48600,1
288,165,3451,3619,165,安心パック,secure_pack,,,,,1080,1
289,166,2958,2287,166,振袖(黄色・ぼたん),s-fr124,,,,,48600,1
290,166,3451,3619,166,安心パック,secure_pack,,,,,1080,1
293,167,1062,3439,167,黒留袖(金箔にかすみ文と花車),i-kt324,,,,,27000,1
294,167,3451,3619,167,安心パック,secure_pack,,,,,1080,1
295,168,2272,2190,168,振袖[薄グレー地に黒のぼかしに桜],y-fr439,,,,,37800,1
298,169,729,3227,169,五歳祝着セット(黒地・兜、波濤、富士),i-5s303,,,,,16200,1
299,170,2273,2279,170,振袖[ピンク地にぼたんの花],y-fr440,,,,,37800,1
300,171,2273,2279,171,振袖[ピンク地にぼたんの花],y-fr440,,,,,37800,1
306,173,2528,2928,173,黒留袖〔吉祥文様〕,y-kt428,,,,,43200,1
307,173,3125,603,173,訪問着,g-hm259,,,,,32400,1
309,172,2273,2279,172,振袖[ピンク地にぼたんの花],y-fr440,,,,,37800,1
310,212,2273,2279,174,振袖[ピンク地にぼたんの花],y-fr440,,,,,37800,1
311,213,2273,2279,175,振袖[ピンク地にぼたんの花],y-fr440,,,,,37800,1
314,215,820,3392,177,振袖(ピンク地・花),i-fr334,,,,,37800,1
327,214,2273,2279,176,振袖[ピンク地にぼたんの花],y-fr440,,,,,37800,1
328,214,3451,3619,176,安心パック,secure_pack,,,,,1080,1
329,225,2273,2279,178,振袖[ピンク地にぼたんの花],y-fr440,,,,,37800,1
330,466,2273,2279,179,振袖[ピンク地にぼたんの花],y-fr440,,,,,37800,1
331,466,3451,3619,179,安心パック,secure_pack,,,,,1080,1
332,468,2517,1887,180,"黒留袖〔愛しい童(わらべ)柄 〕",y-kt417,,,,,32400,1
333,469,629,3092,181,ゆかた,g-yw121,,,,,5400,1
334,469,3451,3619,181,安心パック,secure_pack,,,,,1080,1
335,471,1694,1497,182,色留袖(グレー・扇面),s-it012,,,,,27000,1
336,471,3451,3619,182,安心パック,secure_pack,,,,,1080,1
337,472,953,1049,183,訪問着(カラシ色地・源氏香),i-hm360,,,,,16200,1
338,472,3451,3619,183,安心パック,secure_pack,,,,,1080,1
339,473,2273,2279,184,振袖[ピンク地にぼたんの花],y-fr440,,,,,37800,1
340,474,2273,2279,185,振袖[ピンク地にぼたんの花],y-fr440,,,,,37800,1
341,474,3451,3619,185,安心パック,secure_pack,,,,,1080,1
342,475,2273,2279,186,振袖[ピンク地にぼたんの花],y-fr440,,,,,37800,1
343,475,3451,3619,186,安心パック,secure_pack,,,,,1080,1
344,476,2306,2177,187,"振袖[黒地に茶屋辻模様] 　",y-fr473,,,,,108000,1
345,476,3451,3619,187,安心パック,secure_pack,,,,,1080,1
346,477,2306,2177,188,"振袖[黒地に茶屋辻模様] 　",y-fr473,,,,,108000,1
347,477,3451,3619,188,安心パック,secure_pack,,,,,1080,1
348,478,2306,2177,189,"振袖[黒地に茶屋辻模様] 　",y-fr473,,,,,108000,1
349,478,3451,3619,189,安心パック,secure_pack,,,,,1080,1
350,479,2322,2273,190,"孫娘に着せたい♪ベスト・10選 [ 憧れの総絞り ]",y-fr489,,,,,145800,1
351,479,3451,3619,190,安心パック,secure_pack,,,,,1080,1
352,480,2306,2177,191,"振袖[黒地に茶屋辻模様] 　",y-fr473,,,,,108000,1
353,481,2306,2177,192,"振袖[黒地に茶屋辻模様] 　",y-fr473,,,,,108000,1
354,482,1049,3418,193,黒留袖(花鳥と吉祥の花),i-kt311,,,,,43200,1
355,483,2306,2177,194,"振袖[黒地に茶屋辻模様] 　",y-fr473,,,,,108000,1
356,484,2306,2177,195,"振袖[黒地に茶屋辻模様] 　",y-fr473,,,,,108000,1
357,485,1030,3495,196,打掛(赤地・鶴),i-iu329,,,,,91800,1
358,486,836,407,197,振袖(赤地・金箔に花),i-fr353,,,,,86400,1
359,487,1002,3467,198,打掛(山本寛斎、ピンク系に鶴),i-iu301,,,,,108000,1
360,488,2304,2191,199,"振袖[黒地に宝尽くし]  　",y-fr471,,,,,108000,1
361,489,1029,3494,200,打掛(朱赤地・桧扇),i-iu328,,,,,91800,1
362,490,1029,3494,201,打掛(朱赤地・桧扇),i-iu328,,,,,91800,1
363,491,861,3504,202,"引き着 (黒地・花)",i-hg303,,,,,59400,1
364,492,1029,3494,203,打掛(朱赤地・桧扇),i-iu328,,,,,91800,1
365,493,1048,3427,204,黒留袖(金箔と宮中の催し),i-kt310,,,,,43200,1
366,494,3093,469,205,訪問着,g-hm177,,,,,32400,1
367,495,1606,2131,206,訪問着(扇面・梅・菊),s-hm022,,,,,37800,1
368,496,1606,2131,207,訪問着(扇面・梅・菊),s-hm022,,,,,37800,1
369,497,2304,2191,208,"振袖[黒地に宝尽くし]  　",y-fr471,,,,,108000,1
370,498,1065,3442,209,黒留袖(宝ずくし),i-kt327,,,,,32400,1
371,499,1065,3442,210,黒留袖(宝ずくし),i-kt327,,,,,32400,1
372,500,1065,3442,211,黒留袖(宝ずくし),i-kt327,,,,,32400,1
373,501,1065,3442,212,黒留袖(宝ずくし),i-kt327,,,,,32400,1
374,502,1030,3495,213,打掛(赤地・鶴),i-iu329,,,,,91800,1
375,503,1028,3493,214,打掛(赤地・金箔と鶴),i-iu327,,,,,91800,1
376,504,859,3502,215,"引き着 (黒地・菊と松)",i-hg301,,,,,70200,1
377,505,859,3502,216,"引き着 (黒地・菊と松)",i-hg301,,,,,70200,1
378,505,1048,3427,216,黒留袖(金箔と宮中の催し),i-kt310,,,,,43200,1
379,506,1028,3493,217,打掛(赤地・金箔と鶴),i-iu327,,,,,91800,1
380,507,3169,2313,218,カジュアル☆男物(L)　グレー,y-ms552,,,,,10800,1
381,508,2304,2191,219,"振袖[黒地に宝尽くし]  　",y-fr471,,,,,108000,1
382,509,1048,3427,220,黒留袖(金箔と宮中の催し),i-kt310,,,,,43200,1
383,510,1048,3427,221,黒留袖(金箔と宮中の催し),i-kt310,,,,,43200,1
384,511,3078,320,222,色留袖,g-it126,,,,,37800,1
385,512,1065,3442,223,黒留袖(宝ずくし),i-kt327,,,,,32400,1
386,513,2893,642,224,お宮参り☆男の子祝い着,y-om501,,,,,10800,1
387,514,272,2653,225,色無地,g-im102,,,,,21600,1
388,515,2304,2191,226,"振袖[黒地に宝尽くし]  　",y-fr471,,,,,108000,1
389,516,1048,3427,227,黒留袖(金箔と宮中の催し),i-kt310,,,,,43200,1
390,517,2320,2209,228,"孫娘に着せたい♪ベスト・10選 [可憐(かれん) ]",y-fr487,,,,,102600,1
391,518,1029,3494,229,打掛(朱赤地・桧扇),i-iu328,,,,,91800,1
392,519,2304,2191,230,"振袖[黒地に宝尽くし]  　",y-fr471,,,,,108000,1
393,520,272,2653,231,色無地,g-im102,,,,,21600,1
394,521,2304,2191,232,"振袖[黒地に宝尽くし]  　",y-fr471,,,,,108000,1
395,522,1029,3494,233,打掛(朱赤地・桧扇),i-iu328,,,,,91800,1
396,523,357,2497,234,黒留袖,g-kt103,,,,,54000,1
397,524,2893,642,235,お宮参り☆男の子祝い着,y-om501,,,,,10800,1
398,525,2304,2191,236,"振袖[黒地に宝尽くし]  　",y-fr471,,,,,108000,1
399,525,860,3503,236,"引き着 (黒地・扇面に鶴)",i-hg302,,,,,70200,1
400,526,2304,2191,237,"振袖[黒地に宝尽くし]  　",y-fr471,,,,,108000,1
401,526,860,3503,237,"引き着 (黒地・扇面に鶴)",i-hg302,,,,,70200,1
402,526,834,349,237,振袖(落ち着いた赤地・雲取りに花),i-fr351,,,,,75600,1
403,527,861,3504,238,"引き着 (黒地・花)",i-hg303,,,,,59400,1
404,527,1003,3468,238,打掛(朱赤と緑地・鶴に花々),i-iu302,,,,,108000,1
405,527,3451,3619,238,安心パック,secure_pack,,,,,1080,1
406,528,1030,3495,239,打掛(赤地・鶴),i-iu329,,,,,91800,1
407,528,3451,3619,239,安心パック,secure_pack,,,,,1080,2
408,528,3170,2314,239,カジュアル☆男物(L)　茶,y-ms553,,,,,10800,1
409,529,863,3506,240,"引き着 (小豆色地・松と梅)",i-hg305,,,,,81000,1
410,529,3451,3619,240,安心パック,secure_pack,,,,,1080,2
411,529,1048,3427,240,黒留袖(金箔と宮中の催し),i-kt310,,,,,43200,1
412,530,1545,2706,241,卒業袴,s-hk022,,,,,43200,1
413,530,3451,3619,241,安心パック,secure_pack,,,,,1080,2
414,530,300,2765,241,カジュアル小紋(ポリ),g-km001,,,,,9720,1
415,531,1796,1804,242,ひとえ_訪問着_金茶・朱・扇面・菊,s-nh007,,,,,32400,1
416,531,3451,3619,242,安心パック,secure_pack,,,,,1080,1
417,532,1078,840,243,紋付袴(イエロー紋付・白黒ボカシ銀の亀甲紋様の袴),i-ms306,,,,,43200,1
418,532,3451,3619,243,安心パック,secure_pack,,,,,1080,1
419,533,3453,3621,244,テスト,aaaaa-111,,,,,5000,1
420,533,3451,3619,244,安心パック,secure_pack,,,,,1080,1
421,534,1065,3442,245,黒留袖(宝ずくし),i-kt327,,,,,32400,1
422,534,3451,3619,245,安心パック,secure_pack,,,,,1080,1
423,535,860,3503,246,"引き着 (黒地・扇面に鶴)",i-hg302,,,,,70200,1
424,535,3451,3619,246,安心パック,secure_pack,,,,,1080,1
425,536,358,2499,247,黒留袖,g-kt104,,,,,43200,1
426,536,3451,3619,247,安心パック,secure_pack,,,,,1080,1
427,537,2306,2177,248,"振袖[黒地に茶屋辻模様] 　",y-fr473,,,,,108000,1
430,539,2306,2177,250,"振袖[黒地に茶屋辻模様] 　",y-fr473,,,,,108000,1
431,539,2322,2273,250,"孫娘に着せたい♪ベスト・10選 [ 憧れの総絞り ]",y-fr489,,,,,145800,1
432,540,2306,2177,251,"振袖[黒地に茶屋辻模様] 　",y-fr473,,,,,108000,1
433,540,2322,2273,251,"孫娘に着せたい♪ベスト・10選 [ 憧れの総絞り ]",y-fr489,,,,,145800,1
434,541,3410,511,252,目立ちたい!成人式ファッション(金羽織),s-ms037,,,,,64800,1
435,541,3451,3619,252,安心パック,secure_pack,,,,,1080,1
436,542,3407,577,253,目立ちたい!成人式ファッション(虎刺繍羽織),s-ms040,,,,,75600,1
437,543,3409,440,254,目立ちたい!成人式ファッション(緑系金羽織),s-ms038,,,,,64800,1
438,543,3451,3619,254,安心パック,secure_pack,,,,,1080,1
439,544,863,3506,255,"引き着 (小豆色地・松と梅)",i-hg305,,,,,81000,1
440,544,3451,3619,255,安心パック,secure_pack,,,,,1080,1
441,545,864,3507,256,引き着(黒地・熨斗目と扇面),i-hg306,,,,,86400,1
442,546,860,3503,257,"引き着 (黒地・扇面に鶴)",i-hg302,,,,,70200,1
443,546,3451,3619,257,安心パック,secure_pack,,,,,1080,2
444,546,262,2590,257,訪問着,g-hm176,,,,,43200,1
445,547,2306,2177,258,"振袖[黒地に茶屋辻模様] 　",y-fr473,,,,,108000,1
446,547,3451,3619,258,安心パック,secure_pack,,,,,1080,1
447,548,2306,2177,259,"振袖[黒地に茶屋辻模様] 　",y-fr473,,,,,108000,1
448,549,1031,3501,260,打掛(朱赤地・格天井に花),i-iu330,,,,,108000,1
450,551,1031,3501,262,打掛(朱赤地・格天井に花),i-iu330,,,,,108000,1
463,558,1028,3493,269,打掛(赤地・金箔と鶴),i-iu327,,,,,91800,1
464,558,3451,3619,269,安心パック,secure_pack,,,,,1080,1
465,559,860,3503,270,"引き着 (黒地・扇面に鶴)",i-hg302,,,,,70200,1
466,560,2304,2191,271,"振袖[黒地に宝尽くし]  　",y-fr471,,,,,108000,1
467,560,3451,3619,271,安心パック,secure_pack,,,,,1080,1
468,561,138,2509,272,振袖,g-fr122,,,,,70200,1
469,561,3451,3619,272,安心パック,secure_pack,,,,,1080,1
470,562,1047,3417,273,黒留袖(中国刺繍),i-kt309,,,,,43200,1
471,562,3451,3619,273,安心パック,secure_pack,,,,,1080,1
472,563,1029,3494,274,打掛(朱赤地・桧扇),i-iu328,,,,,91800,1
473,563,3451,3619,274,安心パック,secure_pack,,,,,1080,1
474,564,276,2651,275,色無地,g-im106,,,,,21600,1
475,565,120,2487,276,振袖,g-fr101,,,,,108000,1
476,565,3451,3619,276,安心パック,secure_pack,,,,,1080,1
477,566,1081,2948,277,紋付袴(黒白抜き紋・仙台平),i-ms309,,,,,43200,1
478,566,3451,3619,277,安心パック,secure_pack,,,,,1080,1
479,567,2304,2191,278,"振袖[黒地に宝尽くし]  　",y-fr471,,,,,108000,1
480,567,3451,3619,278,安心パック,secure_pack,,,,,1080,1
481,568,3076,322,279,色留袖,g-it121,,,,,37800,1
482,569,3076,322,280,色留袖,g-it121,,,,,37800,1
483,570,3076,322,281,色留袖,g-it121,,,,,37800,1
484,571,1047,3417,282,黒留袖(中国刺繍),i-kt309,,,,,43200,1
485,572,1066,3443,283,黒留袖(大名行列),i-kt328,,,,,48600,1
486,573,1030,3495,284,打掛(赤地・鶴),i-iu329,,,,,91800,1
487,574,1030,3495,285,打掛(赤地・鶴),i-iu329,,,,,91800,1
488,575,1030,3495,286,打掛(赤地・鶴),i-iu329,,,,,91800,1
489,575,864,3507,286,引き着(黒地・熨斗目と扇面),i-hg306,,,,,86400,1
490,575,3451,3619,286,安心パック,secure_pack,,,,,1080,1
491,576,1030,3495,287,打掛(赤地・鶴),i-iu329,,,,,91800,1
492,576,864,3507,287,引き着(黒地・熨斗目と扇面),i-hg306,,,,,86400,1
493,576,3451,3619,287,安心パック,secure_pack,,,,,1080,1
494,577,1030,3495,288,打掛(赤地・鶴),i-iu329,,,,,91800,1
495,578,1030,3495,289,打掛(赤地・鶴),i-iu329,,,,,91800,1
496,579,2322,2273,290,"孫娘に着せたい♪ベスト・10選 [ 憧れの総絞り ]",y-fr489,,,,,145800,1
497,580,2322,2273,291,"孫娘に着せたい♪ベスト・10選 [ 憧れの総絞り ]",y-fr489,,,,,145800,1
498,580,1865,1452,291,絽色無地(ブル-・絽),s-nr039,,,,,27000,1
499,580,3451,3619,291,安心パック,secure_pack,,,,,1080,1
500,581,860,3503,292,"引き着 (黒地・扇面に鶴)",i-hg302,,,,,70200,1
501,582,860,3503,293,"引き着 (黒地・扇面に鶴)",i-hg302,,,,,70200,1
502,582,2892,1895,293,色留袖[斬新なデザインの唐花模様],y-it427,,,,,32400,1
503,583,860,3503,294,"引き着 (黒地・扇面に鶴)",i-hg302,,,,,70200,1
504,583,2892,1895,294,色留袖[斬新なデザインの唐花模様],y-it427,,,,,32400,1
505,583,1048,3427,294,黒留袖(金箔と宮中の催し),i-kt310,,,,,43200,1
510,585,1015,3480,296,打掛(赤地・鶴と紫陽花),i-iu314,,,,,81000,1
511,585,3451,3619,296,安心パック,secure_pack,,,,,1080,1
512,586,1015,3480,297,打掛(赤地・鶴と紫陽花),i-iu314,,,,,81000,1
513,586,3451,3619,297,安心パック,secure_pack,,,,,1080,1
514,586,1048,3427,297,黒留袖(金箔と宮中の催し),i-kt310,,,,,43200,1
515,584,860,3503,295,"引き着 (黒地・扇面に鶴)",i-hg302,,,,,70200,1
516,584,2892,1895,295,色留袖[斬新なデザインの唐花模様],y-it427,,,,,32400,1
517,584,1048,3427,295,黒留袖(金箔と宮中の催し),i-kt310,,,,,43200,1
518,584,814,391,295,振袖(ピンクとクリームのぼかし地・洋花),i-fr328,,,,,54000,1
519,587,797,3388,298,振袖(黒地・総絞り),i-fr310,,,,,97200,1
520,588,2304,2191,299,"振袖[黒地に宝尽くし]  　",y-fr471,,,,,108000,1
521,589,2305,2202,300,"振袖[白地に熨斗]   　",y-fr472,,,,,108000,1
523,591,2896,1868,302,お宮参り☆男の子祝い着,y-om504,,,,,10800,1
535,590,2305,2202,301,"振袖[白地に熨斗]   　",y-fr472,,,,,108000,1
536,592,1045,3415,303,黒留袖(静物の総刺繍),i-kt307,,,,,37800,1
537,592,852,353,303,振袖(白の紗綾形地・花々),i-fr369,,,,,102600,1
538,593,1030,3495,304,打掛(赤地・鶴),i-iu329,,,,,91800,1
539,593,3451,3619,304,安心パック,secure_pack,,,,,1080,2
540,593,303,2774,304,カジュアル小紋(ポリ),g-km004,,,,,9720,1
541,594,2306,2177,305,"振袖[黒地に茶屋辻模様] 　",y-fr473,,,,,108000,1
542,595,1022,3487,306,打掛(赤紫地・牛車と鶴),i-iu321,,,,,91800,1
543,596,2306,2177,307,"振袖[黒地に茶屋辻模様] 　",y-fr473,,,,,108000,1
544,597,2306,2177,308,"振袖[黒地に茶屋辻模様] 　",y-fr473,,,,,108000,1
545,598,861,3504,309,"引き着 (黒地・花)",i-hg303,,,,,59400,1
546,599,1578,2667,310,卒業袴(黄色・桜づくし),s-hk055,,,,,43200,1
547,600,122,2508,311,振袖,g-fr103,,,,,86400,1
548,601,2306,2177,312,"振袖[黒地に茶屋辻模様] 　",y-fr473,,,,,108000,1
549,602,2305,2202,313,"振袖[白地に熨斗]   　",y-fr472,,,,,108000,1
550,603,2305,2202,314,"振袖[白地に熨斗]   　",y-fr472,,,,,108000,1
551,604,864,3507,315,引き着(黒地・熨斗目と扇面),i-hg306,,,,,86400,1
552,605,863,3506,316,"引き着 (小豆色地・松と梅)",i-hg305,,,,,81000,1
553,606,2911,754,317,お宮参り☆女の子祝い着,y-om519,,,,,10800,1
554,607,3453,3621,318,テスト,aaaaa-111,,,,,5000,1
555,608,3453,3621,319,テスト,aaaaa-111,,,,,5000,1
556,609,3453,3621,320,テスト,aaaaa-111,,,,,5000,1
557,609,1030,3495,320,打掛(赤地・鶴),i-iu329,,,,,91800,1
558,610,1049,3418,321,黒留袖(花鳥と吉祥の花),i-kt311,,,,,43200,1
559,611,1050,3419,322,黒留袖(波濤に老松),i-kt312,,,,,43200,1
560,611,3451,3619,322,安心パック,secure_pack,,,,,1080,1
561,612,1695,1435,323,色留袖(ベージュ・ぼたん),s-it013,,,,,32400,1
562,612,3451,3619,323,安心パック,secure_pack,,,,,1080,1
563,613,1695,1435,324,色留袖(ベージュ・ぼたん),s-it013,,,,,32400,1
564,613,3451,3619,324,安心パック,secure_pack,,,,,1080,1
565,614,2400,1897,325,"高級感ただようコーナー　訪問着[ 典雅 ]",y-hm422,,,,,54000,1
566,614,3451,3619,325,安心パック,secure_pack,,,,,1080,1
567,615,1697,1464,326,色留袖(梅・桜),s-it015,,,,,54000,1
568,615,3451,3619,326,安心パック,secure_pack,,,,,1080,1
569,616,3096,470,327,訪問着,g-hm187,,,,,43200,1
570,616,3451,3619,327,安心パック,secure_pack,,,,,1080,1
571,617,1696,1462,328,色留袖(菊・梅),s-it014,,,,,54000,1
572,617,3451,3619,328,安心パック,secure_pack,,,,,1080,1
573,618,358,2499,329,黒留袖,g-kt104,,,,,43200,1
574,618,3451,3619,329,安心パック,secure_pack,,,,,1080,1
575,619,864,3507,330,引き着(黒地・熨斗目と扇面),i-hg306,,,,,86400,1
576,620,2896,1868,331,お宮参り☆男の子祝い着,y-om504,,,,,10800,1
577,620,3451,3619,331,安心パック,secure_pack,,,,,1080,1
578,621,2896,1868,332,お宮参り☆男の子祝い着,y-om504,,,,,10800,1
579,621,3451,3619,332,安心パック,secure_pack,,,,,1080,1
580,621,3170,2314,332,カジュアル☆男物(L)　茶,y-ms553,,,,,10800,1
581,622,2306,2177,333,"振袖[黒地に茶屋辻模様] 　",y-fr473,,,,,108000,1
582,622,3451,3619,333,安心パック,secure_pack,,,,,1080,1
583,623,1067,3444,334,黒留袖(緑の濃淡に大名庭園風),i-kt329,,,,,54000,1
584,623,3451,3619,334,安心パック,secure_pack,,,,,1080,1
585,624,3078,320,335,色留袖,g-it126,,,,,37800,1
586,624,3451,3619,335,安心パック,secure_pack,,,,,1080,1
587,625,3096,470,336,訪問着,g-hm187,,,,,43200,1
588,625,3451,3619,336,安心パック,secure_pack,,,,,1080,1
589,626,864,3507,337,引き着(黒地・熨斗目と扇面),i-hg306,,,,,86400,1
590,626,3451,3619,337,安心パック,secure_pack,,,,,1080,1
591,627,1067,3444,338,黒留袖(緑の濃淡に大名庭園風),i-kt329,,,,,54000,1
592,627,3451,3619,338,安心パック,secure_pack,,,,,1080,1
593,628,3078,320,339,色留袖,g-it126,,,,,37800,1
594,628,3451,3619,339,安心パック,secure_pack,,,,,1080,2
595,628,285,2529,339,色留袖,g-it103,,,,,43200,1
596,629,3453,3621,340,テスト,aaaaa-111,,,,,5000,1
597,629,3451,3619,340,安心パック,secure_pack,,,,,1080,1
598,630,2894,1839,341,お宮参り☆男の子祝い着,y-om502,,,,,10800,1
599,631,2894,1839,342,お宮参り☆男の子祝い着,y-om502,,,,,10800,1
600,632,2895,1849,343,お宮参り☆男の子祝い着,y-om503,,,,,10800,1
601,633,2895,1849,344,お宮参り☆男の子祝い着,y-om503,,,,,10800,1
602,633,273,2649,344,色無地,g-im103,,,,,21600,1
603,633,3451,3619,344,安心パック,secure_pack,,,,,1080,1
604,634,2895,1849,345,お宮参り☆男の子祝い着,y-om503,,,,,10800,1
605,634,3451,3619,345,安心パック,secure_pack,,,,,1080,1
606,635,358,2499,346,黒留袖,g-kt104,,,,,43200,1
607,636,2895,1849,347,お宮参り☆男の子祝い着,y-om503,,,,,10800,1
608,636,3451,3619,347,安心パック,secure_pack,,,,,1080,1
609,637,2306,2177,348,"振袖[黒地に茶屋辻模様] 　",y-fr473,,,,,108000,1
610,637,3451,3619,348,安心パック,secure_pack,,,,,1080,1
611,638,375,2488,349,黒留袖,g-kt121,,,,,37800,1
612,638,3451,3619,349,安心パック,secure_pack,,,,,1080,1
613,639,1068,3445,350,黒留袖(観世水と鶴と鼓),i-kt330,,,,,37800,1
614,639,3451,3619,350,安心パック,secure_pack,,,,,1080,1
615,640,2933,3466,351,色留袖(藤色地・鳳凰や色紙、扇面),i-it327,,,,,37800,1
616,641,1546,2686,352,卒業袴,s-hk023,,,,,43200,1
617,642,1067,3444,353,黒留袖(緑の濃淡に大名庭園風),i-kt329,,,,,54000,1
618,642,3451,3619,353,安心パック,secure_pack,,,,,1080,1
619,643,357,2497,354,黒留袖,g-kt103,,,,,54000,1
620,643,3451,3619,354,安心パック,secure_pack,,,,,1080,2
621,643,3170,2314,354,カジュアル☆男物(L)　茶,y-ms553,,,,,10800,1
622,644,1049,3418,355,黒留袖(花鳥と吉祥の花),i-kt311,,,,,43200,1
623,645,1049,3418,356,黒留袖(花鳥と吉祥の花),i-kt311,,,,,43200,1
624,646,1049,3418,357,黒留袖(花鳥と吉祥の花),i-kt311,,,,,43200,1
625,647,2305,2202,358,"振袖[白地に熨斗]   　",y-fr472,,,,,108000,1
626,647,3451,3619,358,安心パック,secure_pack,,,,,1080,3
627,647,2321,2332,358,"孫娘に着せたい♪ベスト・10選 [ 華麗 ]",y-fr488,,,,,102600,1
628,647,798,3389,358,振袖(黒地・桜と源氏香),i-fr311,,,,,97200,1
632,649,815,786,360,振袖(赤茶地、ラメ・辻が花風),i-fr329,,,,,54000,1
633,649,3451,3619,360,安心パック,secure_pack,,,,,1080,2
634,649,139,2484,360,振袖,g-fr123,,,,,70200,1
635,650,3453,3621,361,テスト,aaaaa-111,,,,,5000,1
636,650,3451,3619,361,安心パック,secure_pack,,,,,1080,1
637,651,3453,3621,362,テスト,aaaaa-111,,,,,5000,1
638,651,3451,3619,362,安心パック,secure_pack,,,,,1080,2
639,651,3075,416,362,【本加賀友禅】黒留袖,g-kt148,,,,,75600,1
640,652,537,937,363,モダン(紬),g-tm101,,,,,27000,1
641,653,1536,2693,364,卒業袴(サーモンピンク・桜),s-hk011,,,,,43200,1
642,654,1025,3490,365,打掛(赤鉄色地・鶴),i-iu324,,,,,91800,1
643,655,1039,3409,366,黒留袖(流水の松),i-kt301,,,,,43200,1
644,656,2322,2273,367,"孫娘に着せたい♪ベスト・10選 [ 憧れの総絞り ]",y-fr489,,,,,145800,1
645,657,2322,2273,368,"孫娘に着せたい♪ベスト・10選 [ 憧れの総絞り ]",y-fr489,,,,,145800,1
646,658,2322,2273,369,"孫娘に着せたい♪ベスト・10選 [ 憧れの総絞り ]",y-fr489,,,,,145800,1
647,659,140,2468,370,振袖,g-fr126,,,,,97200,1
648,660,140,2468,371,振袖,g-fr126,,,,,97200,1
649,661,140,2468,372,振袖,g-fr126,,,,,97200,1
650,662,140,2468,373,振袖,g-fr126,,,,,97200,1
651,663,140,2468,374,振袖,g-fr126,,,,,97200,1
652,664,140,2468,375,振袖,g-fr126,,,,,97200,1
653,665,140,2468,376,振袖,g-fr126,,,,,97200,1
654,666,140,2468,377,振袖,g-fr126,,,,,97200,1
655,667,140,2468,378,振袖,g-fr126,,,,,97200,1
657,670,1050,3419,380,黒留袖(波濤に老松),i-kt312,,,,,43200,1
662,671,3453,3621,381,テスト,aaaaa-111,,,,,5000,1
665,672,3453,3621,382,テスト,aaaaa-111,,,,,5000,1
690,668,816,405,379,振袖(黒地・熨斗),i-fr330,,,,,0,1
691,668,3452,3620,379,内金,deposit,,,,,10000,1
712,713,1750,655,423,黒留袖(文箱・鶴),s-kt021,,,,,27000,1
713,714,1750,655,424,黒留袖(文箱・鶴),s-kt021,,,,,27000,1
714,715,1050,3419,425,黒留袖(波濤に老松),i-kt312,,,,,43200,1
715,715,827,3397,425,振袖(紅色地・ピンクの桜),i-fr344,,,,,48600,1
716,715,3451,3619,425,安心パック,secure_pack,,,,,1080,1
719,718,3453,3621,428,テスト,aaaaa-111,,,,,5000,1
720,718,2273,2279,428,振袖[ピンク地にぼたんの花],y-fr440,,,,,37800,1
721,648,1066,3443,359,黒留袖(大名行列),i-kt328,,,,,0,1
722,648,3451,3619,359,安心パック,secure_pack,,,,,0,2
723,648,357,2497,359,黒留袖,g-kt103,,,,,0,1
724,648,3452,3620,359,内金,deposit,,,,,10000,1
725,719,3453,3621,429,テスト,aaaaa-111,,,,,5000,1
726,719,1750,655,429,黒留袖(文箱・鶴),s-kt021,,,,,27000,1
727,719,3451,3619,429,安心パック,secure_pack,,,,,1080,2
728,720,1750,655,430,黒留袖(文箱・鶴),s-kt021,,,,,27000,1
729,720,3451,3619,430,安心パック,secure_pack,,,,,1080,1
730,721,1750,655,431,黒留袖(文箱・鶴),s-kt021,,,,,27000,1
731,721,122,2508,431,振袖,g-fr103,,,,,86400,1
732,721,3451,3619,431,安心パック,secure_pack,,,,,1080,1
733,722,3453,3621,432,テスト,aaaaa-111,,,,,5000,1
734,722,2273,2279,432,振袖[ピンク地にぼたんの花],y-fr440,,,,,37800,1
735,722,3451,3619,432,安心パック,secure_pack,,,,,1080,2
736,726,1750,655,433,黒留袖(文箱・鶴),s-kt021,,,,,27000,1
737,729,1750,655,434,黒留袖(文箱・鶴),s-kt021,,,,,27000,1
738,729,3451,3619,434,安心パック,secure_pack,,,,,1080,1
739,730,3453,3621,435,テスト,aaaaa-111,,,,,5000,1
740,730,1750,655,435,黒留袖(文箱・鶴),s-kt021,,,,,27000,1
741,730,3451,3619,435,安心パック,secure_pack,,,,,1080,2
769,743,3453,3621,448,テスト,aaaaa-111,,,,,5000,1
770,743,1750,655,448,黒留袖(文箱・鶴),s-kt021,,,,,27000,1
771,743,3451,3619,448,安心パック,secure_pack,,,,,1080,2
772,744,3453,3621,449,テスト,aaaaa-111,,,,,5000,1
773,744,1750,655,449,黒留袖(文箱・鶴),s-kt021,,,,,27000,1
774,744,3451,3619,449,安心パック,secure_pack,,,,,1080,2
775,745,3453,3621,450,テスト,aaaaa-111,,,,,5000,1
776,745,1750,655,450,黒留袖(文箱・鶴),s-kt021,,,,,27000,1
777,745,3451,3619,450,安心パック,secure_pack,,,,,1080,1
778,746,3453,3621,451,テスト,aaaaa-111,,,,,0,1
779,746,1750,655,451,黒留袖(文箱・鶴),s-kt021,,,,,0,1
780,746,3452,3620,451,内金,deposit,,,,,10000,1
781,746,3451,3619,451,安心パック,secure_pack,,,,,0,1
782,747,1024,3489,452,打掛(朱赤地・鶴),i-iu323,,,,,91800,1
783,747,3451,3619,452,安心パック,secure_pack,,,,,1080,1
784,748,3453,3621,453,テスト,aaaaa-111,,,,,0,1
785,748,1750,655,453,黒留袖(文箱・鶴),s-kt021,,,,,0,1
786,748,3451,3619,453,安心パック,secure_pack,,,,,0,2
787,748,3452,3620,453,内金,deposit,,,,,10000,1
788,749,1750,655,454,黒留袖(文箱・鶴),s-kt021,,,,,0,1
789,749,3452,3620,454,内金,deposit,,,,,10000,1
790,750,1750,655,455,黒留袖(文箱・鶴),s-kt021,,,,,0,1
791,750,3452,3620,455,内金,deposit,,,,,10000,1
792,751,1750,655,456,黒留袖(文箱・鶴),s-kt021,,,,,0,1
793,751,2273,2279,456,振袖[ピンク地にぼたんの花],y-fr440,,,,,0,1
794,751,3452,3620,456,内金,deposit,,,,,10000,1
803,752,2957,2010,457,振袖(白地・バラ),s-fr123,,,,,0,1
804,752,2912,1746,457,紬アンサンブル(泥茶絣),y-ms501,,,,,0,1
805,752,3451,3619,457,安心パック,secure_pack,,,,,0,2
806,752,3452,3620,457,内金,deposit,,,,,10000,1
811,753,2957,2010,458,振袖(白地・バラ),s-fr123,,,,,0,1
812,753,2912,1746,458,紬アンサンブル(泥茶絣),y-ms501,,,,,0,1
813,753,3451,3619,458,安心パック,secure_pack,,,,,0,2
814,753,3452,3620,458,内金,deposit,,,,,10000,1
815,754,1750,655,459,黒留袖(文箱・鶴),s-kt021,,,,,0,1
816,754,3451,3619,459,安心パック,secure_pack,,,,,0,1
817,754,3452,3620,459,内金,deposit,,,,,10000,1
818,755,2957,2010,460,振袖(白地・バラ),s-fr123,,,,,0,1
819,755,3452,3620,460,内金,deposit,,,,,10000,1
824,756,2957,2010,461,振袖(白地・バラ),s-fr123,,,,,0,1
825,756,3451,3619,461,安心パック,secure_pack,,,,,0,2
826,756,2314,2194,461,"孫娘に着せたい♪ベスト・10選 [ ロマンティック ]",y-fr481,,,,,0,1
827,756,3452,3620,461,内金,deposit,,,,,10000,1
828,757,1024,3489,462,打掛(朱赤地・鶴),i-iu323,,,,,91800,1
829,757,3451,3619,462,安心パック,secure_pack,,,,,1080,1
830,757,2314,2194,462,"孫娘に着せたい♪ベスト・10選 [ ロマンティック ]",y-fr481,,,,,108000,1
831,758,842,411,463,振袖(黒地にくす玉),i-fr359,,,,,86400,1
832,759,2314,2194,464,"孫娘に着せたい♪ベスト・10選 [ ロマンティック ]",y-fr481,,,,,108000,1
833,762,791,400,465,振袖(黒地・総絞り),i-fr304,,,,,108000,1
834,763,2314,2194,466,"孫娘に着せたい♪ベスト・10選 [ ロマンティック ]",y-fr481,,,,,108000,1
835,764,1039,3409,467,黒留袖(流水の松),i-kt301,,,,,43200,1
836,765,1040,3410,468,黒留袖(豪華な金糸を使った海賊紋),i-kt302,,,,,59400,1
837,765,1026,3491,468,打掛(赤、金、黒地・孔雀),i-iu325,,,,,91800,1
838,766,1040,3410,469,黒留袖(豪華な金糸を使った海賊紋),i-kt302,,,,,59400,1
839,766,1026,3491,469,打掛(赤、金、黒地・孔雀),i-iu325,,,,,91800,1
840,766,1056,3497,469,黒留袖(雲型に亀甲と松竹梅),i-kt318,,,,,32400,1
841,766,3451,3619,469,安心パック,secure_pack,,,,,1080,1
842,767,789,3387,470,振袖(蘇芳色地・御所解模様),i-fr302,,,,,162000,1
844,769,1024,3489,472,打掛(朱赤地・鶴),i-iu323,,,,,91800,1
845,770,3075,416,473,【本加賀友禅】黒留袖,g-kt148,,,,,75600,1
846,771,3075,416,474,【本加賀友禅】黒留袖,g-kt148,,,,,75600,1
847,771,825,3395,474,振袖(白に黒ぼかし地・赤の花),i-fr342,,,,,37800,1
848,772,789,3387,475,振袖(蘇芳色地・御所解模様),i-fr302,,,,,162000,1
849,768,789,3387,471,振袖(蘇芳色地・御所解模様),i-fr302,,,,,0,1
850,774,789,3387,476,振袖(蘇芳色地・御所解模様),i-fr302,,,,,162000,1
851,775,789,3387,477,振袖(蘇芳色地・御所解模様),i-fr302,,,,,162000,1
852,776,1042,3412,478,黒留袖(山水文様、刺繍),i-kt304,,,,,48600,1
853,777,789,3387,479,振袖(蘇芳色地・御所解模様),i-fr302,,,,,162000,1
854,778,2314,2194,480,"孫娘に着せたい♪ベスト・10選 [ ロマンティック ]",y-fr481,,,,,108000,1
855,779,2314,2194,481,"孫娘に着せたい♪ベスト・10選 [ ロマンティック ]",y-fr481,,,,,108000,1
856,780,1025,3490,482,打掛(赤鉄色地・鶴),i-iu324,,,,,91800,1
857,781,1025,3490,483,打掛(赤鉄色地・鶴),i-iu324,,,,,8000,1
858,781,3075,416,483,【本加賀友禅】黒留袖,g-kt148,,,,,15000,1
859,782,3453,3621,484,テスト,aaaaa-111,,,,,5000,1
860,782,3075,416,484,【本加賀友禅】黒留袖,g-kt148,,,,,15000,1
861,783,3453,3621,485,テスト,aaaaa-111,,,,,5000,1
862,783,3075,416,485,【本加賀友禅】黒留袖,g-kt148,,,,,15000,1
863,783,1025,3490,485,打掛(赤鉄色地・鶴),i-iu324,,,,,8000,1
864,784,1042,3412,486,黒留袖(山水文様、刺繍),i-kt304,,,,,48600,1
865,785,1538,2691,487,卒業袴(水色・薬玉),s-hk014,,,,,43200,1
866,787,2513,567,488,"黒留袖〔愛らしい小花 〕",y-kt413,,,,,32400,1
867,788,2513,567,489,"黒留袖〔愛らしい小花 〕",y-kt413,,,,,32400,1
868,796,2513,567,490,"黒留袖〔愛らしい小花 〕",y-kt413,,,,,32400,1
869,797,2314,2194,491,"孫娘に着せたい♪ベスト・10選 [ ロマンティック ]",y-fr481,,,,,108000,1
870,799,2273,2279,492,振袖[ピンク地にぼたんの花],y-fr440,,,,,37800,1
871,800,2273,2279,493,振袖[ピンク地にぼたんの花],y-fr440,,,,,0,1
872,800,3452,3620,493,内金,deposit,,,,,10000,1
874,801,1750,655,494,黒留袖(文箱・鶴),s-kt021,,,,,27000,1
875,802,2273,2279,495,振袖[ピンク地にぼたんの花],y-fr440,,,,,0,1
876,802,3452,3620,495,内金,deposit,,,,,10000,1
878,803,121,2500,496,振袖,g-fr102,,,,,0,1
879,803,3452,3620,496,内金,deposit,,,,,10000,1
880,804,1002,3467,497,打掛(山本寛斎、ピンク系に鶴),i-iu301,,,,,108000,1
881,805,3073,720,498,【本加賀友禅】黒留袖,g-kt146,,,,,86400,1
882,806,1024,3489,499,打掛(朱赤地・鶴),i-iu323,,,,,91800,1
883,807,266,472,500,訪問着,g-hm190,,,,,43200,1
884,807,3451,3619,500,安心パック,secure_pack,,,,,1000,1
885,808,266,472,501,訪問着,g-hm190,,,,,43200,1
886,809,1384,1636,502,訪問着(大)黒・花,s-bg015,,,,,37800,1
887,810,1002,3467,503,打掛(山本寛斎、ピンク系に鶴),i-iu301,,,,,108000,1
888,811,2845,1496,504,七歳祝い着セット,g-7s001,,,,,37800,1
889,811,3451,3619,504,安心パック,secure_pack,,,,,1000,1
890,812,2875,3326,505,卒業袴(藤色地・桜刺繍着物/紫地桜刺繍袴),i-hk352,,,,,43200,1
891,812,3451,3619,505,安心パック,secure_pack,,,,,1000,1
892,813,2875,3326,506,卒業袴(藤色地・桜刺繍着物/紫地桜刺繍袴),i-hk352,,,,,43200,1
893,813,3451,3619,506,安心パック,secure_pack,,,,,1000,1
894,814,1547,2685,507,卒業袴,s-hk024,,,,,43200,1
895,814,3451,3619,507,安心パック,secure_pack,,,,,1000,1
896,815,1594,2058,508,訪問着(ピンク・小花),s-hm009,,,,,27000,1
897,815,3451,3619,508,安心パック,secure_pack,,,,,1000,1
898,816,2323,2198,509,"孫娘に着せたい♪ベスト・10選 [ 典雅 ]",y-fr490,,,,,108000,1
899,817,2323,2198,510,"孫娘に着せたい♪ベスト・10選 [ 典雅 ]",y-fr490,,,,,108000,1
900,818,1050,3419,511,黒留袖(波濤に老松),i-kt312,,,,,43200,1
901,818,3451,3619,511,安心パック,secure_pack,,,,,1000,1
902,819,2922,3079,512,紬・袴付き(紺無地・茶袴),y-ms511,,,,,32400,1
903,819,3451,3619,512,安心パック,secure_pack,,,,,1000,1
904,820,141,2486,513,振袖,g-fr128,,,,,86400,1
905,821,2307,2176,514,振袖[黒地に大輪の牡丹],y-fr474,,,,,43200,1
906,822,2293,2156,515,振袖[桜色地に可憐な花],y-fr460,,,,,54000,1
907,822,3451,3619,515,安心パック,secure_pack,,,,,1000,1
908,823,2438,1577,516,"訪問着[ おしゃれな羽織もセットで・・・ ]",y-hm530,,,,,27000,1
909,823,3451,3619,516,安心パック,secure_pack,,,,,1000,1
910,824,1596,2129,517,訪問着(薄紫・菊),s-hm011,,,,,37800,1
911,824,3451,3619,517,安心パック,secure_pack,,,,,1000,1
912,825,3082,357,518,色留袖,g-it134,,,,,59400,1
913,825,3451,3619,518,安心パック,secure_pack,,,,,1000,1
914,826,2310,2174,519,"お振袖[花のスキップ ]",y-fr477,,,,,54000,1
915,826,3451,3619,519,安心パック,secure_pack,,,,,1000,1
916,827,2310,2174,520,"お振袖[花のスキップ ]",y-fr477,,,,,54000,1
917,827,3451,3619,520,安心パック,secure_pack,,,,,1000,1
918,828,2310,2174,521,"お振袖[花のスキップ ]",y-fr477,,,,,54000,1
919,828,3451,3619,521,安心パック,secure_pack,,,,,1000,1
920,829,2848,2632,522,訪問着,g-hm182,,,,,48600,1
921,830,2848,2632,523,訪問着,g-hm182,,,,,48600,1
922,831,3100,494,524,訪問着,g-hm196,,,,,48600,1
923,832,3100,494,525,訪問着,g-hm196,,,,,48600,1
924,832,3451,3619,525,安心パック,secure_pack,,,,,1000,1
925,833,2848,2632,526,訪問着,g-hm182,,,,,48600,1
926,833,3451,3619,526,安心パック,secure_pack,,,,,1000,1
927,834,3081,621,527,色留袖,g-it132,,,,,43200,1
928,835,1593,728,528,訪問着(黒地・桜・菊),s-hm008,,,,,37800,1
929,835,3451,3619,528,安心パック,secure_pack,,,,,1000,1
930,836,1593,728,529,訪問着(黒地・桜・菊),s-hm008,,,,,37800,1
931,837,1593,728,530,訪問着(黒地・桜・菊),s-hm008,,,,,37800,1
932,837,3451,3619,530,安心パック,secure_pack,,,,,1000,1
933,838,3075,416,531,【本加賀友禅】黒留袖,g-kt148,,,,,15000,1
934,838,3451,3619,531,安心パック,secure_pack,,,,,1000,1
935,839,1543,2720,532,卒業袴,s-hk020,,,,,39960,1
936,839,3451,3619,532,安心パック,secure_pack,,,,,1000,1
937,840,1593,728,533,訪問着(黒地・桜・菊),s-hm008,,,,,37800,1
938,840,3451,3619,533,安心パック,secure_pack,,,,,1000,1
939,841,3092,484,534,訪問着,g-hm173,,,,,54000,1
940,841,3451,3619,534,安心パック,secure_pack,,,,,1000,1
941,842,2382,571,535,訪問着[やさしいサーモンピンク地],y-hm404,,,,,27000,1
942,842,3451,3619,535,安心パック,secure_pack,,,,,1000,1
943,843,289,2569,536,色留袖,g-it107,,,,,32400,1
944,844,3174,3011,537,カジュアル☆男物(LL)　茶,y-ms557,,,,,10800,1
945,844,3451,3619,537,安心パック,secure_pack,,,,,1000,1
946,845,1596,2129,538,訪問着(薄紫・菊),s-hm011,,,,,37800,1
947,845,3451,3619,538,安心パック,secure_pack,,,,,1000,1
948,846,2389,1740,539,"こだわりコーナー  訪問着[花魁(おいらん)]",y-hm411,,,,,32400,1
949,846,3451,3619,539,安心パック,secure_pack,,,,,1000,1
950,847,2940,2567,540,訪問着,g-hm208,,,,,37800,1
951,848,803,782,541,振袖(白地・色とりどりの花),i-fr316,,,,,75600,1
952,849,789,3387,542,振袖(蘇芳色地・御所解模様),i-fr302,,,,,162000,1
953,850,3102,503,543,訪問着,g-hm205,,,,,43200,1
954,851,825,3395,544,振袖(白に黒ぼかし地・赤の花),i-fr342,,,,,37800,1
955,851,3451,3619,544,安心パック,secure_pack,,,,,1000,1
956,852,1598,2111,545,訪問着(スワトウ刺繍),s-hm013,,,,,37800,1
957,853,1024,3489,546,打掛(朱赤地・鶴),i-iu323,,,,,91800,1
958,853,3451,3619,546,安心パック,secure_pack,,,,,1000,1
959,854,1568,2672,547,卒業袴,s-hk045,,,,,39960,1
960,854,3451,3619,547,安心パック,secure_pack,,,,,1000,1
961,855,2953,2362,548,振袖(藍色・花),s-fr119,,,,,48600,1
962,855,3451,3619,548,安心パック,secure_pack,,,,,1000,1
963,856,279,2660,549,色無地,g-im109,,,,,21600,1
964,856,3451,3619,549,安心パック,secure_pack,,,,,1000,1
965,857,789,3387,550,振袖(蘇芳色地・御所解模様),i-fr302,,,,,162000,1
966,857,3451,3619,550,安心パック,secure_pack,,,,,1000,1
967,858,1553,1995,551,卒業袴,s-hk030,,,,,43200,1
968,858,3451,3619,551,安心パック,secure_pack,,,,,1000,1
969,859,2850,565,552,訪問着(ピンク・花),s-hm092,,,,,59400,1
970,859,3451,3619,552,安心パック,secure_pack,,,,,1000,1
971,860,2850,565,553,訪問着(ピンク・花),s-hm092,,,,,59400,1
972,860,3451,3619,553,安心パック,secure_pack,,,,,1000,2
973,860,1637,539,553,訪問着(辻が花),s-hm055,,,,,59400,1
974,861,842,411,554,振袖(黒地にくす玉),i-fr359,,,,,86400,1
975,862,789,3387,555,振袖(蘇芳色地・御所解模様),i-fr302,,,,,162000,1
976,862,3451,3619,555,安心パック,secure_pack,,,,,1000,1
977,863,833,3399,556,振袖(ブルー地・桜),i-fr350,,,,,70200,1
978,863,3451,3619,556,安心パック,secure_pack,,,,,1000,1
979,864,3092,484,557,訪問着,g-hm173,,,,,54000,1
980,864,3451,3619,557,安心パック,secure_pack,,,,,1000,1
981,865,789,3387,558,振袖(蘇芳色地・御所解模様),i-fr302,,,,,162000,1
982,865,3451,3619,558,安心パック,secure_pack,,,,,1000,1
987,868,825,3395,561,振袖(白に黒ぼかし地・赤の花),i-fr342,,,,,37800,1
988,868,3451,3619,561,安心パック,secure_pack,,,,,1000,1
989,869,3453,3621,562,テスト,aaaaa-111,,,,,5000,1
990,869,3451,3619,562,安心パック,secure_pack,,,,,1000,1
991,870,2319,2284,563,"孫娘に着せたい♪ベスト・10選 [ ゴージャス ]",y-fr486,,,,,108000,1
992,870,3451,3619,563,安心パック,secure_pack,,,,,1000,1
993,871,796,365,564,振袖(白とベージュぼかし地・ピンクの花),i-fr309,,,,,97200,1
994,872,1544,2687,565,卒業袴,s-hk021,,,,,39960,1
995,872,3451,3619,565,安心パック,secure_pack,,,,,1000,1
996,873,3094,504,566,訪問着,g-hm178,,,,,48600,1
997,874,1560,2679,567,卒業袴,s-hk037,,,,,43200,1
998,874,3451,3619,567,安心パック,secure_pack,,,,,1000,1
999,875,1560,2679,568,卒業袴,s-hk037,,,,,43200,1
1000,875,3451,3619,568,安心パック,secure_pack,,,,,1000,1
1001,876,1560,2679,569,卒業袴,s-hk037,,,,,43200,1
1002,876,3451,3619,569,安心パック,secure_pack,,,,,1000,1
1003,877,3453,3621,570,テスト,aaaaa-111,,,,,5000,1
1004,877,3451,3619,570,安心パック,secure_pack,,,,,1000,1
1005,878,2307,2176,571,振袖[黒地に大輪の牡丹],y-fr474,,,,,43200,1
1006,878,3451,3619,571,安心パック,secure_pack,,,,,1000,1
1007,879,3453,3621,572,テスト,aaaaa-111,,,,,5000,1
1008,880,864,3507,573,引き着(黒地・熨斗目と扇面),i-hg306,,,,,86400,1
1009,880,3451,3619,573,安心パック,secure_pack,,,,,1000,1
1010,881,2307,2176,574,振袖[黒地に大輪の牡丹],y-fr474,,,,,43200,1
1011,882,2307,2176,575,振袖[黒地に大輪の牡丹],y-fr474,,,,,43200,1
1012,883,2896,1868,576,お宮参り☆男の子祝い着,y-om504,,,,,10800,1
1013,883,3451,3619,576,安心パック,secure_pack,,,,,1000,1
1014,884,2323,2198,577,"孫娘に着せたい♪ベスト・10選 [ 典雅 ]",y-fr490,,,,,108000,1
1015,885,812,785,578,振袖(深緑地・ピンクの小花),i-fr325,,,,,64800,1
1016,885,3451,3619,578,安心パック,secure_pack,,,,,1000,1
1017,886,259,2592,579,訪問着(アイボリー地),g-hm159,,,,,48600,1
1018,887,3451,3619,580,安心パック,secure_pack,,,,,1000,1
1019,887,1547,2685,580,卒業袴,s-hk024,,,,,43200,1
1020,888,259,2592,581,訪問着(アイボリー地),g-hm159,,,,,48600,1
1021,889,2323,2198,582,"孫娘に着せたい♪ベスト・10選 [ 典雅 ]",y-fr490,,,,,108000,1
1022,890,259,2592,583,訪問着(アイボリー地),g-hm159,,,,,48600,1
1023,890,3451,3619,583,安心パック,secure_pack,,,,,1000,1
1024,891,796,365,584,振袖(白とベージュぼかし地・ピンクの花),i-fr309,,,,,97200,1
1025,892,3092,484,585,訪問着,g-hm173,,,,,54000,1
1026,893,3092,484,586,訪問着,g-hm173,,,,,54000,1
1027,894,3092,484,587,訪問着,g-hm173,,,,,54000,1
1028,895,3092,484,588,訪問着,g-hm173,,,,,54000,1
1029,896,3112,479,589,訪問着,g-hm225,,,,,32400,1
1030,896,3451,3619,589,安心パック,secure_pack,,,,,1000,1
1031,897,3092,484,590,訪問着,g-hm173,,,,,54000,1
1032,897,3451,3619,590,安心パック,secure_pack,,,,,1000,1
1033,898,2319,2284,591,"孫娘に着せたい♪ベスト・10選 [ ゴージャス ]",y-fr486,,,,,108000,1
1034,898,3451,3619,591,安心パック,secure_pack,,,,,1000,1
1035,899,2319,2284,592,"孫娘に着せたい♪ベスト・10選 [ ゴージャス ]",y-fr486,,,,,108000,1
1036,900,2382,571,593,訪問着[やさしいサーモンピンク地],y-hm404,,,,,27000,1
1037,900,3451,3619,593,安心パック,secure_pack,,,,,1000,1
1038,901,2382,571,594,訪問着[やさしいサーモンピンク地],y-hm404,,,,,27000,1
1039,901,3451,3619,594,安心パック,secure_pack,,,,,1000,1
1040,902,2319,2284,595,"孫娘に着せたい♪ベスト・10選 [ ゴージャス ]",y-fr486,,,,,108000,1
1041,903,3112,479,596,訪問着,g-hm225,,,,,32400,1
1042,904,2382,571,597,訪問着[やさしいサーモンピンク地],y-hm404,,,,,27000,1
1043,905,298,2546,598,色留袖,g-it116,,,,,48600,1
1044,906,3092,484,599,訪問着,g-hm173,,,,,54000,1
1045,907,849,351,600,振袖(黒地・金箔に松),i-fr366,,,,,151200,1
1046,908,849,351,601,振袖(黒地・金箔に松),i-fr366,,,,,151200,1
1047,909,2305,2202,602,"振袖[白地に熨斗]   　",y-fr472,,,,,108000,1
1048,910,120,2487,603,振袖,g-fr101,,,,,108000,1
1049,911,2314,2194,604,"孫娘に着せたい♪ベスト・10選 [ ロマンティック ]",y-fr481,,,,,108000,1
1050,912,811,386,605,振袖(ブルー地・桜の花大小),i-fr324,,,,,64800,1
1051,912,3451,3619,605,安心パック,secure_pack,,,,,1000,1
1052,913,2853,512,606,訪問着(黒地・橘と竹),i-hm390,,,,,54000,1
1053,914,2308,2154,607,振袖[鮮やかなグリーンに舞う蝶],y-fr475,,,,,48600,1
1054,915,3097,505,608,訪問着,g-hm192,,,,,48600,1
1055,916,2307,2176,609,振袖[黒地に大輪の牡丹],y-fr474,,,,,43200,1
1056,917,2307,2176,610,振袖[黒地に大輪の牡丹],y-fr474,,,,,43200,1
1057,917,3098,489,610,訪問着,g-hm194,,,,,32400,1
1058,918,3034,2788,611,訪問着(美しい黒地の礼装),y-hm560,,,,,59400,1
1059,918,3451,3619,611,安心パック,secure_pack,,,,,1000,1
1060,919,3098,489,612,訪問着,g-hm194,,,,,32400,1
1061,920,1051,3420,613,黒留袖(雪輪と藤),i-kt313,,,,,37800,1
1062,921,819,779,614,振袖(黒地・ピンクと白の花),i-fr333,,,,,37800,1
1063,922,1632,1924,615,訪問着(松・和楽器),s-hm049,,,,,54000,1
1064,923,3097,505,616,訪問着,g-hm192,,,,,48600,1
1065,924,1548,2684,617,卒業袴,s-hk025,,,,,36720,1
1066,924,3451,3619,617,安心パック,secure_pack,,,,,1000,1
1067,925,1031,3501,618,打掛(朱赤地・格天井に花),i-iu330,,,,,108000,1
1068,925,3451,3619,618,安心パック,secure_pack,,,,,1000,1
1069,926,1027,3492,619,打掛(青、赤地・花車に鶴),i-iu326,,,,,91800,1
1070,926,3451,3619,619,安心パック,secure_pack,,,,,1000,1
1071,927,1537,2692,620,卒業袴(赤・宝づくし),s-hk013,,,,,39960,1
1072,927,3451,3619,620,安心パック,secure_pack,,,,,1000,1
1073,928,1048,3427,621,黒留袖(金箔と宮中の催し),i-kt310,,,,,43200,1
1074,928,3451,3619,621,安心パック,secure_pack,,,,,1000,1
1075,929,797,3388,622,振袖(黒地・総絞り),i-fr310,,,,,97200,1
1076,929,3451,3619,622,安心パック,secure_pack,,,,,1000,1
1077,930,3168,2308,623,カジュアル☆男物(L)　黒,y-ms551,,,,,10800,1
1078,930,3451,3619,623,安心パック,secure_pack,,,,,1000,1
1079,931,3168,2308,624,カジュアル☆男物(L)　黒,y-ms551,,,,,10800,1
1080,931,3451,3619,624,安心パック,secure_pack,,,,,1000,2
1081,931,2304,2191,624,"振袖[黒地に宝尽くし]  　",y-fr471,,,,,108000,1
1082,932,1544,2687,625,卒業袴,s-hk021,,,,,39960,1
1083,932,3451,3619,625,安心パック,secure_pack,,,,,1000,1
1084,933,1544,2687,626,卒業袴,s-hk021,,,,,39960,1
1085,933,3451,3619,626,安心パック,secure_pack,,,,,1000,1
1086,934,270,2634,627,訪問着,g-hm324,,,,,54000,1
1087,935,3451,3619,628,安心パック,secure_pack,,,,,1000,1
1088,935,3089,328,628,色留袖,g-it128,,,,,32400,1
1089,936,1028,3493,629,打掛(赤地・金箔と鶴),i-iu327,,,,,91800,1
1090,936,3451,3619,629,安心パック,secure_pack,,,,,1000,1
1091,937,1564,2704,630,卒業袴,s-hk041,,,,,43200,1
1092,937,3451,3619,630,安心パック,secure_pack,,,,,1000,1
1093,938,1564,2704,631,卒業袴,s-hk041,,,,,43200,1
1094,938,3451,3619,631,安心パック,secure_pack,,,,,1000,1
1095,938,1559,2707,631,卒業袴,s-hk036,,,,,43200,1
1096,939,1554,2677,632,卒業袴,s-hk031,,,,,43200,1
1097,939,3451,3619,632,安心パック,secure_pack,,,,,1000,1
1098,940,811,386,633,振袖(ブルー地・桜の花大小),i-fr324,,,,,64800,1
1099,941,3084,350,634,色留袖,g-it129,,,,,37800,1
1100,942,805,337,635,振袖(オレンジ系地・ピンクの小花),i-fr318,,,,,86400,1
1101,942,3451,3619,635,安心パック,secure_pack,,,,,1000,1
1102,943,805,337,636,振袖(オレンジ系地・ピンクの小花),i-fr318,,,,,86400,1
1103,943,3451,3619,636,安心パック,secure_pack,,,,,1000,2
1104,943,1536,2693,636,卒業袴(サーモンピンク・桜),s-hk011,,,,,43200,1
1106,945,1031,3501,638,打掛(朱赤地・格天井に花),i-iu330,,,,,108000,1
1107,946,2314,2194,639,"孫娘に着せたい♪ベスト・10選 [ ロマンティック ]",y-fr481,,,,,108000,1
1108,946,3085,324,639,色留袖,g-it124,,,,,37800,1
1109,947,2314,2194,640,"孫娘に着せたい♪ベスト・10選 [ ロマンティック ]",y-fr481,,,,,108000,1
1110,947,2913,3072,640,紬アンサンブル(深緑無地),y-ms502,,,,,27000,1
1111,947,3451,3619,640,安心パック,secure_pack,,,,,1000,1
1112,948,1548,2684,641,卒業袴,s-hk025,,,,,36720,1
1113,948,3451,3619,641,安心パック,secure_pack,,,,,1000,1
1114,949,1548,2684,642,卒業袴,s-hk025,,,,,36720,1
1115,949,3451,3619,642,安心パック,secure_pack,,,,,1000,2
1116,949,2308,2154,642,振袖[鮮やかなグリーンに舞う蝶],y-fr475,,,,,48600,1
1117,950,2309,2175,643,振袖[朱赤地の花の詩(うた)],y-fr476,,,,,54000,1
1118,951,3106,474,644,訪問着,g-hm212,,,,,32400,1
1119,952,802,1867,645,振袖(水色地・辻が花風),i-fr315,,,,,86400,1
1120,953,2309,2175,646,振袖[朱赤地の花の詩(うた)],y-fr476,,,,,54000,1
1121,954,2852,482,647,訪問着(淡い紫地・花々),i-hm389,,,,,43200,1
1122,955,3086,359,648,色留袖,g-it125,,,,,32400,1
1123,956,2314,2194,649,"孫娘に着せたい♪ベスト・10選 [ ロマンティック ]",y-fr481,,,,,108000,1
1124,957,2314,2194,650,"孫娘に着せたい♪ベスト・10選 [ ロマンティック ]",y-fr481,,,,,108000,1
1125,957,3451,3619,650,安心パック,secure_pack,,,,,1000,1
1126,958,3119,566,651,訪問着,g-hm243,,,,,37800,1
1127,959,3119,566,652,訪問着,g-hm243,,,,,37800,1
1128,960,406,3135,653,紋付袴,g-ms128,,,,,43200,1
1129,961,795,404,654,振袖(ピンク地・大小の花),i-fr308,,,,,97200,1
1130,961,3451,3619,654,安心パック,secure_pack,,,,,1000,1
1131,961,297,2570,654,色留袖,g-it115,,,,,32400,1
1132,962,1027,3492,655,打掛(青、赤地・花車に鶴),i-iu326,,,,,91800,1
1133,962,3451,3619,655,安心パック,secure_pack,,,,,1000,1
1134,962,3169,2313,655,カジュアル☆男物(L)　グレー,y-ms552,,,,,10800,1
1135,963,2304,2191,656,"振袖[黒地に宝尽くし]  　",y-fr471,,,,,108000,1
1136,963,3451,3619,656,安心パック,secure_pack,,,,,1000,1
1137,964,2304,2191,657,"振袖[黒地に宝尽くし]  　",y-fr471,,,,,108000,1
1138,964,3451,3619,657,安心パック,secure_pack,,,,,1000,1
1139,964,3093,469,657,訪問着,g-hm177,,,,,32400,1
1140,965,3093,469,658,訪問着,g-hm177,,,,,32400,1
1141,965,3451,3619,658,安心パック,secure_pack,,,,,1000,2
1142,965,2399,1903,658,"高級感ただようコーナー　訪問着[ 優美 ]",y-hm421,,,,,59400,1
1143,966,802,1867,659,振袖(水色地・辻が花風),i-fr315,,,,,86400,1
1144,966,3451,3619,659,安心パック,secure_pack,,,,,1000,1
1145,966,1595,2104,659,訪問着(黒・市松縞),s-hm010,,,,,37800,1
1146,967,2852,482,660,訪問着(淡い紫地・花々),i-hm389,,,,,43200,1
1147,967,3451,3619,660,安心パック,secure_pack,,,,,1000,1
1148,967,3093,469,660,訪問着,g-hm177,,,,,32400,1
1149,968,260,712,661,訪問着(黒地に金箔),g-hm160,,,,,48600,1
1150,969,3086,359,662,色留袖,g-it125,,,,,32400,1
1151,970,3086,359,663,色留袖,g-it125,,,,,32400,1
1152,971,1081,2948,664,紋付袴(黒白抜き紋・仙台平),i-ms309,,,,,43200,1
1153,972,1074,1729,665,紋付袴(紫ボカシ紋付・銀ラメ入りぼかし袴),i-ms302,,,,,43200,1
1154,973,260,712,666,訪問着(黒地に金箔),g-hm160,,,,,48600,1
1155,973,1544,2687,666,卒業袴,s-hk021,,,,,39960,1
1156,974,2309,2175,667,振袖[朱赤地の花の詩(うた)],y-fr476,,,,,54000,1
1157,974,802,1867,667,振袖(水色地・辻が花風),i-fr315,,,,,86400,1
1158,975,3453,3621,668,テスト,aaaaa-111,,,,,5000,1
1159,976,3453,3621,669,テスト,aaaaa-111,,,,,5000,2
1160,977,144,2471,670,振袖,g-fr134,,,,,81000,1
1161,978,2879,2963,671,紋付袴(瑠璃色紋付・黒地に金と銀の亀甲に菊紋、花紋の袴),i-ms313,,,,,43200,1
1162,979,1458,2024,672,振袖(朱色・松・梅),s-fr038,,,,,140400,1
1163,979,3451,3619,672,安心パック,secure_pack,,,,,1000,1
1164,980,2848,2632,673,訪問着,g-hm182,,,,,48600,1
1165,980,3451,3619,673,安心パック,secure_pack,,,,,1000,1
1166,981,2848,2632,674,訪問着,g-hm182,,,,,48600,1
1167,981,3451,3619,674,安心パック,secure_pack,,,,,1000,1
1168,982,3073,720,675,【本加賀友禅】黒留袖,g-kt146,,,,,86400,1
1169,982,3451,3619,675,安心パック,secure_pack,,,,,1000,1
1170,982,3083,332,675,色留袖,g-it135,,,,,43200,1
1171,982,2921,3078,675,紬アンサンブル(紺無地),y-ms510,,,,,27000,1
1172,983,2304,2191,676,"振袖[黒地に宝尽くし]  　",y-fr471,,,,,108000,1
1173,983,834,349,676,振袖(落ち着いた赤地・雲取りに花),i-fr351,,,,,75600,1
1174,984,1081,2948,677,紋付袴(黒白抜き紋・仙台平),i-ms309,,,,,43200,1
1175,985,1081,2948,678,紋付袴(黒白抜き紋・仙台平),i-ms309,,,,,43200,1
1176,986,2310,2174,679,"お振袖[花のスキップ ]",y-fr477,,,,,54000,1
1177,987,3100,494,680,訪問着,g-hm196,,,,,48600,1
1178,987,1034,3510,680,小紋(抹茶色地・花々),i-km303,,,,,10800,1
1179,988,2320,2209,681,"孫娘に着せたい♪ベスト・10選 [可憐(かれん) ]",y-fr487,,,,,102600,1
1180,989,406,3135,682,紋付袴,g-ms128,,,,,43200,1
1181,990,276,2651,683,色無地,g-im106,,,,,21600,1
1182,991,2309,2175,684,振袖[朱赤地の花の詩(うた)],y-fr476,,,,,54000,1
1183,992,1549,2711,685,卒業袴,s-hk026,,,,,43200,1
1184,993,2310,2174,686,"お振袖[花のスキップ ]",y-fr477,,,,,54000,1
1185,994,840,3400,687,振袖(黒地・小花),i-fr357,,,,,64800,1
1186,995,2880,2956,688,紋付袴(ライトグリーン紋付・白色、若草色ボカシ武田菱文様の袴),i-ms312,,,,,43200,1
1187,996,2872,629,689,色留袖,g-it119,,,,,43200,1
1191,997,2880,2956,690,紋付袴(ライトグリーン紋付・白色、若草色ボカシ武田菱文様の袴),i-ms312,,,,,0,1
1192,997,3451,3619,690,安心パック,secure_pack,,,,,0,1
1193,997,3452,3620,690,内金,deposit,,,,,10000,1
1196,998,789,3387,691,振袖(蘇芳色地・御所解模様),i-fr302,,,,,0,1
1197,998,3452,3620,691,内金,deposit,,,,,10000,1
1198,999,789,3387,692,振袖(蘇芳色地・御所解模様),i-fr302,,,,,162000,1
1199,1000,839,410,693,振袖(黒地・くす玉),i-fr356,,,,,48600,1
1200,1001,1319,2927,694,"五歳祝い着セット 紫地裾ぼかし(松に鷹)袴金茶と抹茶色",s-5s001,,,,,21600,1
1201,1002,2310,2174,695,"お振袖[花のスキップ ]",y-fr477,,,,,54000,1
1202,1003,3073,720,696,【本加賀友禅】黒留袖,g-kt146,,,,,86400,1
1203,1004,3182,2353,697,小紋(カジュアル・ポリ),y-km502,,,,,10800,1
1204,1005,2218,1121,698,"喪服　江戸小紋+黒喪帯 [軽い略礼装(袷) ]",y-az405,,,,,21600,1
1205,1006,1083,3514,699,ひとえ_紗袷(紫地・あさがお),i-nh301,,,,,48600,1
1206,1007,1583,2543,700,卒業袴(草色・紫ぼたん),s-hk061,,,,,43200,1
1207,1008,1408,990,701,浴衣(白地・蝶),s-bg039,,,,,8640,1
1208,1009,322,2835,702,モダン(小紋),g-km110,,,,,16200,1
1209,1010,2940,2567,703,訪問着,g-hm208,,,,,37800,1
1210,1011,1906,1807,704,祝着(牛車とぼたん),s-om009,,,,,10800,1
1211,1012,3174,3011,705,カジュアル☆男物(LL)　茶,y-ms557,,,,,10800,1
1212,1013,2926,704,706,紬・袴付き(紺絣・薄グレー袴),y-ms515,,,,,32400,1
1213,1014,1008,3473,707,打掛(水色地・花喰鳥),i-iu307,,,,,91800,1
1214,1015,289,2569,708,色留袖,g-it107,,,,,32400,1
1215,1016,3453,3621,709,テスト,aaaaa-111,,,,,5000,1
1216,1017,3485,3637,710,111test222,i-3333,,,,,30000,1
1217,1018,1289,1134,711,"三歳被布セット 正絹赤絞り(花)",s-3s001,,,,,37800,1
1218,1019,537,937,712,モダン(紬),g-tm101,,,,,27000,1
1219,1020,3485,3637,713,111test222,i-3333,,,,,30000,1
1220,1021,858,3408,714,振袖(白と黒地・花),i-fr377,,,,,86400,1
1221,1022,3485,3637,715,111test222,i-3333,,,,,30000,1
1222,1023,3485,3637,716,111test222,i-3333,,,,,30000,1
1223,1024,810,384,717,振袖(鳩羽鼠色地・小花),i-fr323,,,,,64800,1
1224,1025,1044,3414,718,黒留袖(ペルシャ風熨斗文様),i-kt306,,,,,37800,1
1225,1026,3485,3637,719,111test222,i-3333,,,,,30000,1
1226,1027,3485,3637,720,111test222,i-3333,,,,,30000,1
1227,1028,3485,3637,721,111test222,i-3333,,,,,30000,2
1228,1029,3485,3637,722,111test222,i-3333,,,,,30000,1
1229,1030,3485,3637,723,111test222,i-3333,,,,,30000,3
1230,1031,874,3341,724,卒業袴(抹茶地・花々着物/黄色緑ボカシ袴),i-hk023,,,,,39960,1
1231,1032,874,3341,725,卒業袴(抹茶地・花々着物/黄色緑ボカシ袴),i-hk023,,,,,39960,1
1232,1033,874,3341,726,卒業袴(抹茶地・花々着物/黄色緑ボカシ袴),i-hk023,,,,,39960,1
1233,1034,874,3341,727,卒業袴(抹茶地・花々着物/黄色緑ボカシ袴),i-hk023,,,,,39960,1
1234,1035,800,3390,728,振袖(明るい黄色と鶯色地・小花),i-fr313,,,,,86400,1
1235,1036,1034,3510,729,小紋(抹茶色地・花々),i-km303,,,,,10800,1
1236,1036,3451,3619,729,安心パック,secure_pack,,,,,1000,1
1237,1037,3098,489,730,訪問着,g-hm194,,,,,32400,1
1238,1037,3451,3619,730,安心パック,secure_pack,,,,,1000,1
1239,1038,794,403,731,振袖(黒地・桜に部分絞り風),i-fr307,,,,,129600,1
1240,1039,794,403,732,振袖(黒地・桜に部分絞り風),i-fr307,,,,,129600,1
1241,1040,1044,3414,733,黒留袖(ペルシャ風熨斗文様),i-kt306,,,,,37800,1
1242,1041,3009,2341,734,振袖(水色地・薬玉),s-fr146,,,,,140400,1
1243,1042,265,2585,735,訪問着,g-hm185,,,,,43200,1
1244,1043,1548,2684,736,卒業袴,s-hk025,,,,,36720,1
1245,1044,801,3391,737,振袖(ピンク地・小花),i-fr314,,,,,86400,1
1246,1045,1594,2058,738,訪問着(ピンク・小花),s-hm009,,,,,27000,1
1247,1046,2681,2011,739,"[ 男の浴衣　Sサイズ ]　160cm〜165cmの方",y-ym417,,,,,8640,1
1248,1047,569,1980,740,ゆかた(男物),g-ym108,,,,,8640,1
1249,1048,569,1980,741,ゆかた(男物),g-ym108,,,,,8640,1
1250,1049,1610,2127,742,訪問着(唐草),s-hm026,,,,,43200,1
1251,1050,1610,2127,743,訪問着(唐草),s-hm026,,,,,43200,1
1252,1050,801,3391,743,振袖(ピンク地・小花),i-fr314,,,,,86400,1
1253,1051,1610,2127,744,訪問着(唐草),s-hm026,,,,,43200,1
1254,1051,801,3391,744,振袖(ピンク地・小花),i-fr314,,,,,86400,1
1255,1052,801,3391,745,振袖(ピンク地・小花),i-fr314,,,,,86400,1
1256,1053,2308,2154,746,振袖[鮮やかなグリーンに舞う蝶],y-fr475,,,,,48600,1
1258,1055,2317,2157,748,"孫娘に着せたい♪ベスト・10選 [ エレガント ]",y-fr484,,,,,108000,1
1259,1056,311,2652,749,カジュアル小紋(ポリ),g-km012,,,,,9720,1
1260,1057,3172,2316,750,カジュアル☆男物(LL)　グレー,y-ms555,,,,,10800,1
1261,1057,3451,3619,750,安心パック,secure_pack,,,,,1000,1
1262,1054,3100,494,747,訪問着,g-hm196,,,,,48600,1
1263,1058,3085,324,751,色留袖,g-it124,,,,,37800,1
1264,1059,3085,324,752,色留袖,g-it124,,,,,37800,1
1265,1060,3085,324,753,色留袖,g-it124,,,,,37800,1
1266,1061,2231,1715,754,"[ 趣味性が際立つ絞り染めの長羽織(正絹) ]",y-cot508,,,,,5400,1
1267,1062,2317,2157,755,"孫娘に着せたい♪ベスト・10選 [ エレガント ]",y-fr484,,,,,108000,1
1269,1063,2307,2176,756,振袖[黒地に大輪の牡丹],y-fr474,,,,,0,1
1270,1063,3452,3620,756,内金,deposit,,,,,10000,1
1271,1064,2314,2194,757,"孫娘に着せたい♪ベスト・10選 [ ロマンティック ]",y-fr481,,,,,108000,1
1272,1065,257,467,758,訪問着(サーモンピンクと薄紫),g-hm157,,,,,54000,1
1273,1066,257,467,759,訪問着(サーモンピンクと薄紫),g-hm157,,,,,54000,1
1274,1067,257,467,760,訪問着(サーモンピンクと薄紫),g-hm157,,,,,54000,1
1275,1068,964,3384,761,訪問着(渋いモスグリーン地・花々),i-hm374,,,,,37800,1
1276,1069,256,2078,762,【特選】訪問着(チャコールグレー地),g-hm156,,,,,64800,1
1277,1070,256,2078,763,【特選】訪問着(チャコールグレー地),g-hm156,,,,,64800,1
1278,1071,819,779,764,振袖(黒地・ピンクと白の花),i-fr333,,,,,37800,1
1279,1072,819,779,765,振袖(黒地・ピンクと白の花),i-fr333,,,,,37800,1
1280,1073,268,2599,766,訪問着,g-hm238,,,,,37800,1
1281,1074,268,2599,767,訪問着,g-hm238,,,,,37800,1
1282,1075,267,2598,768,訪問着,g-hm201,,,,,43200,1
1283,1076,270,2634,769,訪問着,g-hm324,,,,,54000,1
1284,1077,3110,510,770,訪問着,g-hm222,,,,,37800,1
1285,1078,3453,3621,771,テスト,aaaaa-111,,,,,5000,1
1286,1079,3075,416,772,【本加賀友禅】黒留袖,g-kt148,,,,,15000,1
1287,1080,3453,3621,773,テスト,aaaaa-111,,,,,5000,1
1288,1081,3072,413,774,【本加賀友禅】黒留袖,g-kt145,,,,,86400,1
1289,1082,3481,3633,775,test222,i-3333,,,,,30000,1
1290,1083,3072,413,776,【本加賀友禅】黒留袖,g-kt145,,,,,86400,1
1291,1084,2307,2176,777,振袖[黒地に大輪の牡丹],y-fr474,,,,,43200,1
1292,1085,2323,2198,778,"孫娘に着せたい♪ベスト・10選 [ 典雅 ]",y-fr490,,,,,108000,1
1293,1086,2323,2198,779,"孫娘に着せたい♪ベスト・10選 [ 典雅 ]",y-fr490,,,,,108000,1
1294,1087,2323,2198,780,"孫娘に着せたい♪ベスト・10選 [ 典雅 ]",y-fr490,,,,,108000,1
1295,1088,799,1865,781,振袖(赤ワイン色地、ラメ・ブルーと紫の曲線),i-fr312,,,,,86400,1
1296,1089,1613,579,782,訪問着(波に四季の花),s-hm029,,,,,37800,1
1297,1089,3451,3619,782,安心パック,secure_pack,,,,,1000,1
1298,1090,860,3503,783,"引き着 (黒地・扇面に鶴)",i-hg302,,,,,70200,1
1303,1091,258,2594,784,訪問着(薄紫地に松),g-hm158,,,,,48600,1
1304,1091,3094,504,784,訪問着,g-hm178,,,,,48600,1
1305,1092,257,467,785,訪問着(サーモンピンクと薄紫),g-hm157,,,,,54000,1
1306,1092,862,3505,785,"引き着 (グレー地・鳳凰に花)",i-hg304,,,,,59400,1
1307,1093,575,3160,786,ゆかた(男物),g-ym114,,,,,8640,1
1308,1094,809,344,787,振袖(黒地・束ね熨斗),i-fr322,,,,,86400,1
1309,1095,809,344,788,振袖(黒地・束ね熨斗),i-fr322,,,,,86400,1
1310,1096,809,344,789,振袖(黒地・束ね熨斗),i-fr322,,,,,86400,1
1311,1096,792,401,789,振袖(黒地・総絞り),i-fr305,,,,,108000,1
1312,1097,2317,2157,790,"孫娘に着せたい♪ベスト・10選 [ エレガント ]",y-fr484,,,,,108000,1
1313,1098,3485,3637,791,111test222,i-3333,,,,,30000,1
1314,1098,3451,3619,791,安心パック,secure_pack,,,,,1000,1
1315,1099,3496,3647,792,特選七歳祝着［赤総絞の手まりと桜模様］,s-7s038,,,,,100000,1
1316,1099,3451,3619,792,安心パック,secure_pack,,,,,1000,1
1317,1100,257,467,793,訪問着(サーモンピンクと薄紫),g-hm157,,,,,54000,1
1318,1101,3481,3633,794,test222,i-3333,,,,,30000,1
1319,1102,3092,484,795,訪問着,g-hm173,,,,,54000,1
1320,1103,820,3392,796,振袖(ピンク地・花),i-fr334,,,,,37800,1
1321,1104,2313,2172,797,"お振袖[ 百花の王 ]",y-fr480,,,,,64800,1
1322,1105,3485,3637,798,111test222,i-3333,,,,,30000,1
1323,1106,3091,463,799,訪問着,g-hm164,,,,,32400,1
1324,1106,3110,510,799,訪問着,g-hm222,,,,,37800,1
1325,1107,1587,713,800,訪問着(辻が花),s-hm001,,,,,27000,1
1326,1108,1587,713,801,訪問着(辻が花),s-hm001,,,,,27000,1
1327,1109,2315,2171,802,"孫娘に着せたい♪ベスト・10選 [ モダン ]",y-fr482,,,,,75600,1
1328,1110,1540,2690,803,卒業袴(緑・紫矢絣),s-hk017,,,,,36720,1
1329,1111,3453,3621,804,テスト,aaaaa-111,,,,,5000,1
1330,1112,1540,2690,805,卒業袴(緑・紫矢絣),s-hk017,,,,,36720,1
1331,1113,826,3396,806,振袖(グレー地・茶色と白の花),i-fr343,,,,,48600,1
1332,1114,2315,2171,807,"孫娘に着せたい♪ベスト・10選 [ モダン ]",y-fr482,,,,,75600,1
1333,1115,2315,2171,808,"孫娘に着せたい♪ベスト・10選 [ モダン ]",y-fr482,,,,,75600,1
1334,1116,256,2078,809,【特選】訪問着(チャコールグレー地),g-hm156,,,,,64800,1
1335,1117,793,402,810,振袖(黒地・総絞り、花),i-fr306,,,,,118800,1
1336,1118,1025,3490,811,打掛(赤鉄色地・鶴),i-iu324,,,,,8000,1
1337,1119,864,3507,812,引き着(黒地・熨斗目と扇面),i-hg306,,,,,86400,1
1338,1120,3485,3637,813,111test222,i-3333,,,,,30000,1
1339,1121,794,403,814,振袖(黒地・桜に部分絞り風),i-fr307,,,,,129600,1
1340,1122,791,400,815,振袖(黒地・総絞り),i-fr304,,,,,108000,1
1341,1123,2315,2171,816,"孫娘に着せたい♪ベスト・10選 [ モダン ]",y-fr482,,,,,75600,1
1342,1124,1539,2703,817,卒業袴(黄色・桜),s-hk016,,,,,43200,1
1343,1125,1041,3411,818,黒留袖(格天井にさがら刺繍),i-kt303,,,,,43200,1
1344,1126,1539,2703,819,卒業袴(黄色・桜),s-hk016,,,,,43200,1
1345,1127,257,467,820,訪問着(サーモンピンクと薄紫),g-hm157,,,,,54000,1
1346,1128,538,936,821,おしゃれ紬,g-tm102,,,,,21600,1
1347,1129,311,2652,822,カジュアル小紋(ポリ),g-km012,,,,,9720,1
1348,1130,1042,3412,823,黒留袖(山水文様、刺繍),i-kt304,,,,,48600,1
1349,1131,3087,325,824,色留袖,g-it122,,,,,37800,1
1350,1132,1587,713,825,訪問着(辻が花),s-hm001,,,,,27000,1
1351,1133,310,2855,826,カジュアル小紋(ポリ),g-km011,,,,,9720,1
1352,1134,310,2855,827,カジュアル小紋(ポリ),g-km011,,,,,9720,1
1353,1135,310,2855,828,カジュアル小紋(ポリ),g-km011,,,,,9720,1
1354,1135,311,2652,828,カジュアル小紋(ポリ),g-km012,,,,,9720,1
1355,1136,789,3387,829,振袖(蘇芳色地・御所解模様),i-fr302,,,,,162000,1
1356,1137,789,3387,830,振袖(蘇芳色地・御所解模様),i-fr302,,,,,162000,1
1357,1138,3485,3637,831,111test222,i-3333,,,,,30000,1
1358,1139,2315,2171,832,"孫娘に着せたい♪ベスト・10選 [ モダン ]",y-fr482,,,,,75600,1
1359,1140,2315,2171,833,"孫娘に着せたい♪ベスト・10選 [ モダン ]",y-fr482,,,,,75600,1
1360,1141,1041,3411,834,黒留袖(格天井にさがら刺繍),i-kt303,,,,,43200,1
1361,1142,1041,3411,835,黒留袖(格天井にさがら刺繍),i-kt303,,,,,43200,1
1362,1143,271,2656,836,色無地,g-im101,,,,,21600,1
1363,1144,272,2653,837,色無地,g-im102,,,,,21600,1
1364,1145,273,2649,838,色無地,g-im103,,,,,21600,1
1366,1147,2316,2211,840,"孫娘に着せたい♪ベスト・10選 [優雅 ]",y-fr483,,,,,75600,1
1368,1148,792,401,841,振袖(黒地・総絞り),i-fr305,,,,,108000,1
1369,1149,2315,2171,842,"孫娘に着せたい♪ベスト・10選 [ モダン ]",y-fr482,,,,,75600,1
1370,1150,808,784,843,振袖(桃色と薄紫地・花),i-fr321,,,,,86400,1
1371,1151,828,3398,844,振袖(水色地・大輪の花),i-fr345,,,,,48600,1
1372,1152,3129,585,845,訪問着,g-hm313,,,,,32400,1
1373,1153,3168,2308,846,カジュアル☆男物(L)　黒,y-ms551,,,,,10800,1
1374,1154,2316,2211,847,"孫娘に着せたい♪ベスト・10選 [優雅 ]",y-fr483,,,,,75600,1
1375,1155,1539,2703,848,卒業袴(黄色・桜),s-hk016,,,,,43200,1
1376,1156,1368,1608,849,喪服(わさび色),s-az001,,,,,27000,1
1377,1157,1368,1608,850,喪服(わさび色),s-az001,,,,,27000,1
1378,1158,237,2643,851,訪問着,g-hm135,,,,,48600,1
1380,1160,306,2781,853,カジュアル小紋(ポリ),g-km007,,,,,9720,1
1381,1161,1085,3516,854,ひとえ_紗袷(エメラルドグリーン地・秋の草花),i-nh303,,,,,37800,1
1382,1162,785,310,855,七歳祝着(白地にクリーム、赤、黒色染分け・花々・正絹),i-7s333,,,,,43200,1
1383,1163,3168,2308,856,カジュアル☆男物(L)　黒,y-ms551,,,,,10800,1
1384,1164,2223,1127,857,"黒喪服+色喪帯 [重い略礼装(袷) ]",y-az410,,,,,27000,1
1385,1165,2223,1127,858,"黒喪服+色喪帯 [重い略礼装(袷) ]",y-az410,,,,,27000,1
1386,1165,2911,754,858,お宮参り☆女の子祝い着,y-om519,,,,,10800,1
1387,1166,1298,1092,859,"三歳被布セット 朱色(藤の花と手まり)",s-3s011,,,,,10800,1
1388,1167,258,2594,860,訪問着(薄紫地に松),g-hm158,,,,,48600,1
1389,1168,3106,474,861,訪問着,g-hm212,,,,,32400,1
1390,1168,3093,469,861,訪問着,g-hm177,,,,,32400,1
1391,1169,2311,2201,862,"お振袖[ 花の詩 ]",y-fr478,,,,,59400,1
1392,1170,1536,2693,863,卒業袴(サーモンピンク・桜),s-hk011,,,,,43200,1
1393,1170,3451,3619,863,安心パック,secure_pack,,,,,1000,1
1394,1146,275,2650,839,色無地,g-im105,,,,,21600,1
1395,1159,237,2643,852,訪問着,g-hm135,,,,,48600,1
1396,1171,3453,3621,864,テスト,aaaaa-111,,,,,5000,1
1397,1171,3451,3619,864,安心パック,secure_pack,,,,,1000,1
1398,1172,3453,3621,865,テスト,aaaaa-111,,,,,5000,2
1399,1172,3451,3619,865,安心パック,secure_pack,,,,,1000,1
1400,1173,2317,2157,866,"孫娘に着せたい♪ベスト・10選 [ エレガント ]",y-fr484,,,,,108000,1
1401,1174,2317,2157,867,"孫娘に着せたい♪ベスト・10選 [ エレガント ]",y-fr484,,,,,108000,1
1402,1174,2313,2172,867,"お振袖[ 百花の王 ]",y-fr480,,,,,64800,1
1403,1175,2954,2019,868,振袖(ボルドー・桜),s-fr120,,,,,48600,1
1404,1176,1538,2691,869,卒業袴(水色・薬玉),s-hk014,,,,,43200,1
1405,1177,2954,2019,870,振袖(ボルドー・桜),s-fr120,,,,,48600,1
1406,1178,789,3387,871,振袖(蘇芳色地・御所解模様),i-fr302,,,,,162000,1
1407,1179,789,3387,872,振袖(蘇芳色地・御所解模様),i-fr302,,,,,162000,1
1408,1180,1538,2691,873,卒業袴(水色・薬玉),s-hk014,,,,,43200,1
1409,1180,796,365,873,振袖(白とベージュぼかし地・ピンクの花),i-fr309,,,,,97200,1
1410,1180,3451,3619,873,安心パック,secure_pack,,,,,1000,1
1411,1181,789,3387,874,振袖(蘇芳色地・御所解模様),i-fr302,,,,,162000,1
1412,1181,805,337,874,振袖(オレンジ系地・ピンクの小花),i-fr318,,,,,86400,1
1413,1182,795,404,875,振袖(ピンク地・大小の花),i-fr308,,,,,97200,1
1414,1183,2320,2209,876,"孫娘に着せたい♪ベスト・10選 [可憐(かれん) ]",y-fr487,,,,,102600,1
1415,1184,844,3402,877,振袖(白地・総絞り、花),i-fr361,,,,,118800,1
1416,1185,2305,2202,878,"振袖[白地に熨斗]   　",y-fr472,,,,,108000,1
1417,1186,122,2508,879,振袖,g-fr103,,,,,86400,1
1418,1187,2305,2202,880,"振袖[白地に熨斗]   　",y-fr472,,,,,108000,1
1419,1188,788,331,881,振袖(黒と白の染め分け地・御所解模様),i-fr301,,,,,162000,1
1420,1189,828,3398,882,振袖(水色地・大輪の花),i-fr345,,,,,48600,1
1421,1190,2315,2171,883,"孫娘に着せたい♪ベスト・10選 [ モダン ]",y-fr482,,,,,75600,1
1422,1191,2315,2171,884,"孫娘に着せたい♪ベスト・10選 [ モダン ]",y-fr482,,,,,75600,1
1423,1192,792,401,885,振袖(黒地・総絞り),i-fr305,,,,,108000,1
1424,1193,829,345,886,振袖(ピンク地・紅色のバラ),i-fr346,,,,,48600,1
1425,1194,846,3404,887,振袖(茶色地・総絞り、花),i-fr363,,,,,108000,1
1426,1195,2886,2530,888,卒業袴(ひとつづつ自分で選ぶコーナー),y-hk426,,,,,36720,1
1427,1195,3451,3619,888,安心パック,secure_pack,,,,,1000,1
1428,1196,829,345,889,振袖(ピンク地・紅色のバラ),i-fr346,,,,,48600,1
1431,1197,2316,2211,890,"孫娘に着せたい♪ベスト・10選 [優雅 ]",y-fr483,,,,,75600,1
1432,1198,2316,2211,891,"孫娘に着せたい♪ベスト・10選 [優雅 ]",y-fr483,,,,,75600,1
1433,1199,840,3400,892,振袖(黒地・小花),i-fr357,,,,,64800,1
1434,1200,860,3503,893,"引き着 (黒地・扇面に鶴)",i-hg302,,,,,70200,1
1435,1200,3451,3619,893,安心パック,secure_pack,,,,,1000,1
1436,1201,3485,3637,894,111test222,i-3333,,,,,30000,1
1437,1202,3485,3637,895,111test222,i-3333,,,,,30000,2
1438,1203,3485,3637,896,111test222,i-3333,,,,,30000,2
1439,1203,827,3397,896,振袖(紅色地・ピンクの桜),i-fr344,,,,,48600,1
1440,1204,827,3397,897,振袖(紅色地・ピンクの桜),i-fr344,,,,,48600,1
1442,1205,827,3397,898,振袖(紅色地・ピンクの桜),i-fr344,,,,,0,1
1443,1205,3452,3620,898,内金,deposit,,,,,10000,1
1444,1206,859,3502,899,"引き着 (黒地・菊と松)",i-hg301,,,,,70200,1
1445,1207,3485,3637,900,111test222,i-3333,,,,,30000,1
1446,1208,3485,3637,901,111test222,i-3333,,,,,30000,1
1447,1209,3485,3637,902,111test222,i-3333,,,,,30000,1
1448,1210,3485,3637,903,111test222,i-3333,,,,,30000,1
1449,1211,3485,3637,904,111test222,i-3333,,,,,30000,1
1450,1211,1043,3413,904,黒留袖(スワトウ刺繍の唐草文様),i-kt305,,,,,43200,1
1451,1212,795,404,905,振袖(ピンク地・大小の花),i-fr308,,,,,97200,1
1452,1213,3076,322,906,色留袖,g-it121,,,,,37800,1
1453,1214,3485,3637,907,111test222,i-3333,,,,,30000,1
1454,1215,3485,3637,908,111test222,i-3333,,,,,30000,2
1455,1216,3483,3635,909,test222,i-3333,,,,,30000,1
1457,1218,3485,3637,911,111test222,i-3333,,,,,30000,1
1458,1219,3485,3637,912,111test222,i-3333,,,,,30000,1
1459,1219,263,2607,912,訪問着,g-hm179,,,,,54000,1
1460,1217,3485,3637,910,111test222,i-3333,,,,,30000,1
1461,1220,1547,2685,913,卒業袴,s-hk024,,,,,43200,1
1462,1221,3026,2763,914,訪問着(上品な桜色の訪問着),y-hm552,,,,,48600,1
1463,1221,3451,3619,914,安心パック,secure_pack,,,,,1000,1
1468,1222,2311,2201,915,"お振袖[ 花の詩 ]",y-fr478,,,,,59400,1
1469,1223,2311,2201,916,"お振袖[ 花の詩 ]",y-fr478,,,,,59400,1
1470,1224,3485,3637,917,111test222,i-3333,,,,,30000,1
1471,1225,3481,3633,918,test222,i-3333,,,,,30000,1
1472,1226,1460,1084,919,振袖(藤),s-fr041,,,,,205200,1
1473,1227,3485,3637,920,111test222,i-3333,,,,,30000,1
1474,1228,793,402,921,振袖(黒地・総絞り、花),i-fr306,,,,,118800,1
1475,1229,3029,2791,922,訪問着(新橋色に四季草花),y-hm555,,,,,54000,1
1476,1230,3077,356,923,色留袖,g-it123,,,,,32400,1
1477,1231,2320,2209,924,"孫娘に着せたい♪ベスト・10選 [可憐(かれん) ]",y-fr487,,,,,102600,1
1478,1232,3077,356,925,色留袖,g-it123,,,,,32400,1
1479,1233,1042,3412,926,黒留袖(山水文様、刺繍),i-kt304,,,,,48600,1
1480,1234,2313,2172,927,"お振袖[ 百花の王 ]",y-fr480,,,,,64800,1
1481,1235,3497,3648,928,2特選七歳祝着［赤総絞の手まりと桜模様］,s-7s038,,,,,100000,1
1482,1236,3485,3637,929,111test222,i-3333,,,,,30000,1
1484,1237,2273,2279,930,振袖[ピンク地にぼたんの花],y-fr440,,,,,37800,1
1487,1238,2273,2279,931,振袖[ピンク地にぼたんの花],y-fr440,,,,,0,1
1488,1238,3451,3619,931,安心パック,secure_pack,,,,,0,1
1489,1238,3452,3620,931,内金,deposit,,,,,11000,1
1490,1239,3481,3633,932,test222,i-3333,,,,,30000,1
1491,1240,3485,3637,933,111test222,i-3333,,,,,30000,1
1492,1240,3451,3619,933,安心パック,secure_pack,,,,,1000,1
1493,1241,2304,2191,934,"振袖[黒地に宝尽くし]  　",y-fr471,,,,,108000,1
1494,1242,263,2607,935,訪問着,g-hm179,,,,,54000,1
1495,1243,263,2607,936,訪問着,g-hm179,,,,,54000,1
1496,1244,3481,3633,937,test222,i-3333,,,,,30000,1
1497,1245,3485,3637,938,111test222,i-3333,,,,,30000,1
1498,1246,3485,3637,939,xinhtest,i-3333,,,,,30000,1
1499,1247,808,784,940,振袖(桃色と薄紫地・花),i-fr321,,,,,86400,1
1500,1248,1547,2685,941,卒業袴,s-hk024,,,,,43200,1
1501,1249,3485,3637,942,xinhtest,i-3333,,,,,30000,1
1502,1250,3485,3637,943,xinhtest,i-3333,,,,,30000,1
1503,1251,3485,3637,944,xinhtest,i-3333,,,,,30000,1
1504,1252,1368,1608,945,喪服(わさび色),s-az001,,,,,27000,1
1505,1253,1369,1604,946,喪服(紺色),s-az002,,,,,27000,1
1506,1254,2214,1117,947,"喪服[ 偲ぶ…　。 ]  「心」を装いで表現",y-az401,,,,,21600,1
1507,1255,2215,1118,948,"喪服[ 偲ぶ…　。 ]  「心」を装いで表現",y-az402,,,,,21600,1
1508,1256,2216,1119,949,"喪服　江戸小紋+黒喪帯 [軽い略礼装(袷) ]",y-az403,,,,,21600,1
1509,1257,3483,3635,950,test222,i-3333,,,,,30000,1
1510,1258,3497,3648,951,2特選七歳祝着［赤総絞の手まりと桜模様］,s-7s038,,,,,100000,1
1511,1258,2315,2171,951,"孫娘に着せたい♪ベスト・10選 [ モダン ]",y-fr482,,,,,75600,1
1512,1259,3485,3637,952,xinhtest,i-3333,,,,,30000,1
1513,1260,3453,3621,953,テスト,aaaaa-111,,,,,5000,1
1514,1261,3482,3634,954,111testtttttt,i-2222,,,,,2000,1
1515,1262,3482,3634,955,111testtttttt,i-2222,,,,,2000,1
1516,1263,3482,3634,956,111testtttttt,i-2222,,,,,2000,1
1517,1264,3481,3633,957,test222,i-3333,,,,,30000,1
1518,1264,3451,3619,957,安心パック,secure_pack,,,,,1000,1
1519,1265,3499,3650,958,phuong-test-kimono,,,,,,50000,1
1520,1266,3501,3652,959,phuong-test,,,,,,9000,1
1521,1267,3501,3652,960,phuong-test,,,,,,9000,1
1522,1268,3500,3651,961,test-3333,,,,,,20000,1
1523,1269,3500,3651,962,test-3333,,,,,,20000,1
1524,1270,3500,3651,963,test-3333,,,,,,20000,1
1525,1271,3500,3651,964,test-3333,,,,,,20000,1
1526,1272,3485,3637,965,xinhtest,i-3333,,,,,30000,1
1527,1273,3485,3637,966,xinhtest,i-3333,,,,,30000,1
1528,1274,3485,3637,967,xinhtest,i-3333,,,,,30000,1
1529,1275,3485,3637,968,xinhtest,i-3333,,,,,30000,1
1530,1276,3091,463,969,訪問着,g-hm164,,,,,32400,1
1531,1277,3485,3637,970,xinhtest,i-3333,,,,,30000,1
1532,1278,3485,3637,971,xinhtest,i-3333,,,,,30000,1
1533,1279,3482,3634,972,111testtttttt,i-2222,,,,,2000,1
1534,1280,3485,3637,973,xinhtest,i-3333,,,,,30000,1
1535,1281,2313,2172,974,"お振袖[ 百花の王 ]",y-fr480,,,,,64800,1
1536,1282,2313,2172,975,"お振袖[ 百花の王 ]",y-fr480,,,,,64800,1
1537,1283,2313,2172,976,"お振袖[ 百花の王 ]",y-fr480,,,,,64800,1
1538,1283,3451,3619,976,安心パック,secure_pack,,,,,1000,1
1539,1284,3497,3648,977,2特選七歳祝着［赤総絞の手まりと桜模様］,s-7s038,,,,,100000,1
1540,1285,1042,3412,978,黒留袖(山水文様、刺繍),i-kt304,,,,,48600,1
1541,1286,3483,3635,979,test111,i-3333,,,,,10000,1
1542,1287,1073,1722,980,紋付袴(白地ナス紺ボカシ紋付・銀ラメ入りぼかし袴),i-ms301,,,,,43200,1
1543,1288,1073,1722,981,紋付袴(白地ナス紺ボカシ紋付・銀ラメ入りぼかし袴),i-ms301,,,,,43200,1
1544,1289,1073,1722,982,紋付袴(白地ナス紺ボカシ紋付・銀ラメ入りぼかし袴),i-ms301,,,,,43200,1
1545,1290,3496,3647,983,特選七歳祝着［赤総絞の手まりと桜模様］,s-7s038,,,,,100000,1
1546,1291,3496,3647,984,特選七歳祝着［赤総絞の手まりと桜模様］,s-7s038,,,,,100000,1
1547,1292,3084,350,985,色留袖,g-it129,,,,,37800,1
1548,1293,3084,350,986,色留袖,g-it129,,,,,37800,1
1549,1294,3502,3653,987,testing,,,,,,500001,1
1550,1295,3502,3653,988,testing,,,,,,50005,1
1551,1296,3485,3637,989,xinhtest,i-3333,,,,,30000,1
1552,1297,3482,3634,990,111testtttttt,i-2222,,,,,2000,1
1553,1298,3497,3648,991,2特選七歳祝着［赤総絞の手まりと桜模様］,s-7s038,,,,,100000,1
1554,1299,3453,3621,992,テスト,aaaaa-111,,,,,5000,1
1555,1300,3453,3621,993,テスト,aaaaa-111,,,,,5000,1
1556,1301,3077,356,994,色留袖,g-it123,,,,,32400,1
1557,1302,3026,2763,995,訪問着(上品な桜色の訪問着),y-hm552,,,,,48600,1
1558,1303,1049,3418,996,黒留袖(花鳥と吉祥の花),i-kt311,,,,,43200,1
1559,1304,860,3503,997,"引き着 (黒地・扇面に鶴)",i-hg302,,,,,70200,1
1560,1305,859,3502,998,"引き着 (黒地・菊と松)",i-hg301,,,,,70200,1
1561,1306,859,3502,999,"引き着 (黒地・菊と松)",i-hg301,,,,,70200,1
1562,1307,859,3502,1000,"引き着 (黒地・菊と松)",i-hg301,,,,,70200,1
1563,1307,3451,3619,1000,安心パック,secure_pack,,,,,1000,1
1564,1308,1006,3471,1001,打掛(黒地・蛇籠文に御所車),i-iu305,,,,,108000,1
1565,1309,543,951,1002,モダン(紬),g-tm107,,,,,21600,1
1566,1310,1547,2685,1003,卒業袴,s-hk024,,,,,43200,1
1567,1311,862,3505,1004,"引き着 (グレー地・鳳凰に花)",i-hg304,,,,,59400,1
1568,1312,1546,2686,1005,卒業袴,s-hk023,,,,,43200,1
1569,1313,1036,3512,1006,小紋(白地・絞り風),i-km305,,,,,10800,1
1570,1314,861,3504,1007,"引き着 (黒地・花)",i-hg303,,,,,59400,1
1571,1315,3485,3637,1008,xinhtest,i-3333,,,,,30000,1
1572,1316,3481,3633,1009,test222,i-3333,,,,,30000,1
1573,1317,3485,3637,1010,xinhtest,i-3333,,,,,30000,1
1574,1318,3507,3656,1011,hondatest01,s-fr001,,,,,20000,1
1575,1319,3507,3656,1012,hondatest01,s-fr001,,,,,20000,1
1576,1320,3507,3656,1013,hondatest01,s-fr001,,,,,20000,1
1577,1321,3507,3656,1014,hondatest01,s-fr001,,,,,20000,2
1578,1322,3507,3656,1015,hondatest01,s-fr001,,,,,20000,1
1579,1323,2315,2171,1016,"孫娘に着せたい♪ベスト・10選 [ モダン ]",y-fr482,,,,,75600,1
1580,1324,2315,2171,1017,"孫娘に着せたい♪ベスト・10選 [ モダン ]",y-fr482,,,,,75600,1
1581,1325,1368,1608,1018,喪服(わさび色),s-az001,,,,,27000,1
1582,1326,3507,3656,1019,hondatest01,s-fr001,,,,,20000,1
1583,1327,3507,3656,1020,hondatest01,s-fr001,,,,,20000,1
1584,1328,3507,3656,1021,hondatest01,s-fr001,,,,,20000,1
1585,1329,3507,3656,1022,hondatest01,s-fr001,,,,,20000,1
1586,1330,3507,3656,1023,hondatest01,s-fr001,,,,,20000,1
1587,1331,3507,3656,1024,hondatest01,s-fr001,,,,,20000,1
1588,1332,3507,3656,1025,hondatest01,s-fr001,,,,,20000,1
1589,1333,3507,3656,1026,hondatest01,s-fr001,,,,,20000,1
1590,1334,1073,1722,1027,紋付袴(白地ナス紺ボカシ紋付・銀ラメ入りぼかし袴),i-ms301,,,,,43200,1
1591,1335,3508,3657,1028,xinhtest02,i-3333,,,,,30000,1
1592,1336,3507,3656,1029,hondatest01,s-fr001,,,,,20000,1
1593,1337,3507,3656,1030,hondatest01,s-fr001,,,,,20000,1
1594,1338,3507,3656,1031,hondatest01,s-fr001,,,,,20000,1
1595,1339,3507,3656,1032,hondatest01,s-fr001,,,,,20000,1
1596,1340,3507,3656,1033,hondatest01,s-fr001,,,,,20000,1
1598,1341,3507,3656,1034,hondatest01,s-fr001,,,,,0,1
1599,1341,3452,3620,1034,内金,deposit,,,,,11000,1
1609,1342,3497,3648,1035,2特選七歳祝着［赤総絞の手まりと桜模様］,s-7s038,,,,,0,1
1610,1342,3452,3620,1035,内金,deposit,,,,,11000,1
1611,1343,3497,3648,1036,2特選七歳祝着［赤総絞の手まりと桜模様］,s-7s038,,,,,100000,1
1612,1344,3496,3647,1037,特選七歳祝着［赤総絞の手まりと桜模様］,s-7s038,,,,,100000,1
1613,1345,1289,1134,1038,"三歳被布セット 正絹赤絞り(花)",s-3s001,,,,,37800,1
1614,1346,1289,1134,1039,"三歳被布セット 正絹赤絞り(花)",s-3s001,,,,,37800,1
1615,1347,3497,3648,1040,2特選七歳祝着［赤総絞の手まりと桜模様］,s-7s038,,,,,100000,1
1616,1348,3497,3648,1041,2特選七歳祝着［赤総絞の手まりと桜模様］,s-7s038,,,,,100000,1
1617,1349,3497,3648,1042,2特選七歳祝着［赤総絞の手まりと桜模様］,s-7s038,,,,,100000,1
1621,1350,3485,3637,1043,xinhtest,i-3333,,,,,0,1
1622,1350,3452,3620,1043,内金,deposit,,,,,11000,1
1624,1352,1043,3413,1045,黒留袖(スワトウ刺繍の唐草文様),i-kt305,,,,,43200,1
1627,1351,1043,3413,1044,黒留袖(スワトウ刺繍の唐草文様),i-kt305,,,,,0,1
1628,1351,3452,3620,1044,内金,deposit,,,,,11000,1
1629,1353,3496,3647,1046,特選七歳祝着［赤総絞の手まりと桜模様］,s-7s038,,,,,100000,1
1630,1353,3451,3619,1046,安心パック,secure_pack,,,,,1000,1
1635,1356,3496,3647,1049,特選七歳祝着［赤総絞の手まりと桜模様］,s-7s038,,,,,100000,1
1636,1356,3451,3619,1049,安心パック,secure_pack,,,,,1000,1
1637,1357,1547,2685,1050,卒業袴,s-hk024,,,,,43200,1
1639,1358,3392,3150,1051,浴衣(VIVI・猫),s-yw276,,,,,10800,1
1640,1359,3010,2329,1052,振袖(黒地、椿),s-fr147,,,,,75600,1
1641,1360,3010,2329,1053,振袖(黒地、椿),s-fr147,,,,,75600,1
1642,1361,3010,2329,1054,振袖(黒地、椿),s-fr147,,,,,75600,1
1643,1361,123,2511,1054,振袖,g-fr104,,,,,140400,1
1644,1362,3010,2329,1055,振袖(黒地、椿),s-fr147,,,,,75600,1
1645,1363,3392,3150,1056,浴衣(VIVI・猫),s-yw276,,,,,10800,1
1646,1363,309,2861,1056,カジュアル小紋(ポリ),g-km010,,,,,9720,1
1647,1364,3392,3150,1057,浴衣(VIVI・猫),s-yw276,,,,,10800,1
1648,1364,309,2861,1057,カジュアル小紋(ポリ),g-km010,,,,,9720,1
1649,1365,3507,3656,1058,hondatest01,s-fr001,,,,,20000,1
1650,1366,3315,3047,1059,ゆかた,g-yw319,,,,,10800,1
1651,1367,3507,3656,1060,hondatest01,s-fr001,,,,,20000,1
1652,1368,1042,3412,1061,黒留袖(山水文様、刺繍),i-kt304,,,,,48600,1
1653,1368,3451,3619,1061,安心パック,secure_pack,,,,,1000,1
1654,1369,3507,3656,1062,hondatest01,s-fr001,,,,,20000,1
1655,1370,3507,3656,1063,hondatest01,s-fr001,,,,,20000,1
1656,1371,3507,3656,1064,hondatest01,s-fr001,,,,,20000,1
1657,1371,1545,2706,1064,卒業袴,s-hk022,,,,,43200,1
1658,1372,3507,3656,1065,hondatest01,s-fr001,,,,,20000,1
1660,1374,3507,3656,1067,hondatest01,s-fr001,,,,,20000,1
1661,1375,3507,3656,1068,hondatest01,s-fr001,,,,,20000,1
1662,1376,3507,3656,1069,hondatest01,s-fr001,,,,,20000,1
1663,1376,1041,3411,1069,黒留袖(格天井にさがら刺繍),i-kt303,,,,,43200,1
1664,1377,3507,3656,1070,hondatest01,s-fr001,,,,,20000,1
1665,1378,859,3502,1071,"引き着 (黒地・菊と松)",i-hg301,,,,,70200,1
1666,1379,1041,3411,1072,黒留袖(格天井にさがら刺繍),i-kt303,,,,,43200,1
1667,1380,3507,3656,1073,hondatest01,s-fr001,,,,,20000,1
1673,1381,563,1459,1074,ゆかた(男物),g-ym102,,,,,8640,2
1674,1381,578,2006,1074,ゆかた(男物),g-ym117,,,,,8640,1
1678,1382,579,1974,1075,ゆかた(男物),g-ym118,,,,,8640,1
1679,1382,580,1965,1075,ゆかた(男物),g-ym119,,,,,8640,1
1680,1382,581,1979,1075,ゆかた(男物),g-ym120,,,,,8640,1
1681,1383,3507,3656,1076,【東急チケット付き】hondatest01,s-fr001,,,,,20000,1
1682,1384,3507,3656,1077,【東急チケット付き】hondatest01,s-fr001,,,,,20000,1
1683,1385,3507,3656,1078,【東急チケット付き】hondatest01,s-fr001,,,,,20000,1
1684,1386,3507,3656,1079,【東急チケット付き】hondatest01,s-fr001,,,,,20000,1
1685,1387,3507,3656,1080,【東急チケット付き】hondatest01,s-fr001,,,,,20000,1
